Longitude (x),Latitude (y),Station Name,Climate ID,Date/Time (LST),Year,Month,Day,Time (LST),Temp (°C),Temp Flag,Dew Point Temp (°C),Dew Point Temp Flag,Rel Hum (%),Rel Hum Flag,Precip. Amount (mm),Precip. Amount Flag,Wind Dir (10s deg),Wind Dir Flag,Wind Spd (km/h),Wind Spd Flag,Visibility (km),Visibility Flag,Stn Press (kPa),Stn Press Flag,Hmdx,Hmdx Flag,Wind Chill,Wind Chill Flag,Weather
-79.4,43.63,TORONTO CITY CENTRE,6158359,2021-07-01 0:00,2021,7,1,0:00,21.9,,17.3,,75,,0,,29,,8,,16.1,,100.42,,27,,,,NA
-79.4,43.63,TORONTO CITY CENTRE,6158359,2021-07-01 1:00,2021,7,1,1:00,18.6,,16.6,,88,,0,,28,,5,,16.1,,100.38,,,,,,NA
-79.4,43.63,TORONTO CITY CENTRE,6158359,2021-07-01 2:00,2021,7,1,2:00,18.7,,16.7,,88,,0,,29,,5,,16.1,,100.33,,,,,,NA
-79.4,43.63,TORONTO CITY CENTRE,6158359,2021-07-01 3:00,2021,7,1,3:00,20.3,,17.2,,82,,0,,31,,8,,16.1,,100.32,,26,,,,NA
-79.4,43.63,TORONTO CITY CENTRE,6158359,2021-07-01 4:00,2021,7,1,4:00,16,,15.4,,96,,0,,19,,4,,16.1,,100.29,,,,,,NA
-79.4,43.63,TORONTO CITY CENTRE,6158359,2021-07-01 5:00,2021,7,1,5:00,18.4,,16.6,,89,,0,,31,,9,,16.1,,100.32,,,,,,NA
-79.4,43.63,TORONTO CITY CENTRE,6158359,2021-07-01 6:00,2021,7,1,6:00,20.2,,16.8,,80,,0,,33,,5,,16.1,,100.32,,25,,,,NA
-79.4,43.63,TORONTO CITY CENTRE,6158359,2021-07-01 7:00,2021,7,1,7:00,20.5,,17,,80,,0,,30,,8,,16.1,,100.3,,26,,,,NA
-79.4,43.63,TORONTO CITY CENTRE,6158359,2021-07-01 8:00,2021,7,1,8:00,21.4,,17.2,,77,,0,,,M,4,,16.1,,100.3,,27,,,,NA
-79.4,43.63,TORONTO CITY CENTRE,6158359,2021-07-01 9:00,2021,7,1,9:00,21.6,,17.5,,77,,0,,16,,13,,16.1,,100.3,,27,,,,NA
-79.4,43.63,TORONTO CITY CENTRE,6158359,2021-07-01 10:00,2021,7,1,10:00,21.5,,17.4,,77,,0,,,M,4,,16.1,,100.28,,27,,,,NA
-79.4,43.63,TORONTO CITY CENTRE,6158359,2021-07-01 11:00,2021,7,1,11:00,22,,18,,78,,0,,18,,8,,16.1,,100.28,,28,,,,NA
-79.4,43.63,TORONTO CITY CENTRE,6158359,2021-07-01 12:00,2021,7,1,12:00,22.4,,17.7,,74,,0,,17,,11,,16.1,,100.25,,28,,,,NA
-79.4,43.63,TORONTO CITY CENTRE,6158359,2021-07-01 13:00,2021,7,1,13:00,21.4,,17.4,,78,,0,,17,,17,,16.1,,100.19,,27,,,,NA
-79.4,43.63,TORONTO CITY CENTRE,6158359,2021-07-01 14:00,2021,7,1,14:00,20.1,,17.5,,85,,0,,23,,9,,16.1,,100.18,,26,,,,NA
-79.4,43.63,TORONTO CITY CENTRE,6158359,2021-07-01 15:00,2021,7,1,15:00,19.8,,17.8,,88,,0,,24,,13,,16.1,,100.14,,,,,,NA
-79.4,43.63,TORONTO CITY CENTRE,6158359,2021-07-01 16:00,2021,7,1,16:00,20,,16.7,,81,,0,,24,,8,,16.1,,100.1,,25,,,,NA
-79.4,43.63,TORONTO CITY CENTRE,6158359,2021-07-01 17:00,2021,7,1,17:00,19.6,,16.7,,83,,0,,26,,9,,16.1,,100.1,,,,,,NA
-79.4,43.63,TORONTO CITY CENTRE,6158359,2021-07-01 18:00,2021,7,1,18:00,23.4,,15.6,,61,,0,,34,,15,,16.1,,100.1,,28,,,,NA
-79.4,43.63,TORONTO CITY CENTRE,6158359,2021-07-01 19:00,2021,7,1,19:00,23.1,,15.1,,60,,0,,34,,15,,16.1,,100.17,,27,,,,NA
-79.4,43.63,TORONTO CITY CENTRE,6158359,2021-07-01 20:00,2021,7,1,20:00,20.5,,14.2,,67,,0,,31,,28,,16.1,,100.19,,,,,,NA
-79.4,43.63,TORONTO CITY CENTRE,6158359,2021-07-01 21:00,2021,7,1,21:00,19.7,,13.9,,69,,0,,35,,17,,16.1,,100.24,,,,,,NA
-79.4,43.63,TORONTO CITY CENTRE,6158359,2021-07-01 22:00,2021,7,1,22:00,19,,14.3,,74,,0,,33,,13,,16.1,,100.23,,,,,,NA
-79.4,43.63,TORONTO CITY CENTRE,6158359,2021-07-01 23:00,2021,7,1,23:00,18.7,,14.2,,75,,0,,36,,15,,16.1,,100.18,,,,,,NA
-79.4,43.63,TORONTO CITY CENTRE,6158359,2021-07-02 0:00,2021,7,2,0:00,18.7,,12.3,,66,,0,,35,,21,,16.1,,100.19,,,,,,NA
-79.4,43.63,TORONTO CITY CENTRE,6158359,2021-07-02 1:00,2021,7,2,1:00,18.2,,12.8,,71,,0,,35,,13,,16.1,,100.19,,,,,,NA
-79.4,43.63,TORONTO CITY CENTRE,6158359,2021-07-02 2:00,2021,7,2,2:00,18,,13.6,,75,,0,,35,,15,,16.1,,100.14,,,,,,NA
-79.4,43.63,TORONTO CITY CENTRE,6158359,2021-07-02 3:00,2021,7,2,3:00,17.9,,14.2,,79,,0,,34,,11,,16.1,,100.13,,,,,,NA
-79.4,43.63,TORONTO CITY CENTRE,6158359,2021-07-02 4:00,2021,7,2,4:00,17.4,,14.5,,83,,0,,34,,21,,16.1,,100.14,,,,,,NA
-79.4,43.63,TORONTO CITY CENTRE,6158359,2021-07-02 5:00,2021,7,2,5:00,17.4,,14.7,,84,,0,,35,,15,,16.1,,100.19,,,,,,NA
-79.4,43.63,TORONTO CITY CENTRE,6158359,2021-07-02 6:00,2021,7,2,6:00,18.1,,14.6,,80,,0,,34,,13,,16.1,,100.2,,,,,,NA
-79.4,43.63,TORONTO CITY CENTRE,6158359,2021-07-02 7:00,2021,7,2,7:00,19.3,,14.5,,73,,0,,1,,26,,16.1,,100.21,,,,,,NA
-79.4,43.63,TORONTO CITY CENTRE,6158359,2021-07-02 8:00,2021,7,2,8:00,19.3,,14.2,,72,,0,,1,,21,,16.1,,100.27,,,,,,NA
-79.4,43.63,TORONTO CITY CENTRE,6158359,2021-07-02 9:00,2021,7,2,9:00,21.1,,14.5,,66,,0,,36,,17,,16.1,,100.24,,25,,,,NA
-79.4,43.63,TORONTO CITY CENTRE,6158359,2021-07-02 10:00,2021,7,2,10:00,20.5,,14.3,,67,,0,,1,,13,,16.1,,100.24,,,,,,NA
-79.4,43.63,TORONTO CITY CENTRE,6158359,2021-07-02 11:00,2021,7,2,11:00,21.9,,14.5,,62,,0,,1,,18,,16.1,,100.22,,26,,,,NA
-79.4,43.63,TORONTO CITY CENTRE,6158359,2021-07-02 12:00,2021,7,2,12:00,22.3,,13.7,,58,,0,,5,,26,,16.1,,100.2,,25,,,,NA
-79.4,43.63,TORONTO CITY CENTRE,6158359,2021-07-02 13:00,2021,7,2,13:00,22.9,,14.5,,59,,0,,32,,21,,16.1,,100.13,,27,,,,NA
-79.4,43.63,TORONTO CITY CENTRE,6158359,2021-07-02 14:00,2021,7,2,14:00,24.2,,14,,53,,0,,6,,17,,16.1,,100.11,,28,,,,NA
-79.4,43.63,TORONTO CITY CENTRE,6158359,2021-07-02 15:00,2021,7,2,15:00,19.3,,13.3,,68,,0,,11,,18,,16.1,,100.13,,,,,,"Thunderstorms,Rain"
-79.4,43.63,TORONTO CITY CENTRE,6158359,2021-07-02 16:00,2021,7,2,16:00,16.8,,15.5,,92,,15.4,,7,,15,,8.1,,100.23,,,,,,"Thunderstorms,Rain,Fog"
-79.4,43.63,TORONTO CITY CENTRE,6158359,2021-07-02 17:00,2021,7,2,17:00,18.5,,16.6,,89,,0,,25,,9,,16.1,,100.28,,,,,,NA
-79.4,43.63,TORONTO CITY CENTRE,6158359,2021-07-02 18:00,2021,7,2,18:00,17.3,,16.2,,93,,0,,23,,8,,16.1,,100.23,,,,,,NA
-79.4,43.63,TORONTO CITY CENTRE,6158359,2021-07-02 19:00,2021,7,2,19:00,17.1,,15.9,,93,,0.2,,17,,9,,16.1,,100.27,,,,,,Rain
-79.4,43.63,TORONTO CITY CENTRE,6158359,2021-07-02 20:00,2021,7,2,20:00,16.6,,15.5,,93,,0,,27,,8,,16.1,,100.28,,,,,,NA
-79.4,43.63,TORONTO CITY CENTRE,6158359,2021-07-02 21:00,2021,7,2,21:00,19.4,,14.7,,74,,0,,32,,5,,16.1,,100.29,,,,,,NA
-79.4,43.63,TORONTO CITY CENTRE,6158359,2021-07-02 22:00,2021,7,2,22:00,19,,14.3,,74,,0,,34,,13,,16.1,,100.26,,,,,,NA
-79.4,43.63,TORONTO CITY CENTRE,6158359,2021-07-02 23:00,2021,7,2,23:00,18.6,,14.3,,76,,0,,34,,11,,16.1,,100.22,,,,,,NA
-79.4,43.63,TORONTO CITY CENTRE,6158359,2021-07-03 0:00,2021,7,3,0:00,18.3,,13.9,,75,,0,,33,,9,,16.1,,100.24,,,,,,NA
-79.4,43.63,TORONTO CITY CENTRE,6158359,2021-07-03 1:00,2021,7,3,1:00,18.2,,12.9,,71,,0,,35,,11,,16.1,,100.22,,,,,,NA
-79.4,43.63,TORONTO CITY CENTRE,6158359,2021-07-03 2:00,2021,7,3,2:00,17.7,,13.1,,74,,0,,33,,15,,16.1,,100.18,,,,,,NA
-79.4,43.63,TORONTO CITY CENTRE,6158359,2021-07-03 3:00,2021,7,3,3:00,17.3,,13.3,,77,,0,,34,,11,,16.1,,100.21,,,,,,NA
-79.4,43.63,TORONTO CITY CENTRE,6158359,2021-07-03 4:00,2021,7,3,4:00,16.3,,13.3,,82,,0,,,,0,,16.1,,100.22,,,,,,NA
-79.4,43.63,TORONTO CITY CENTRE,6158359,2021-07-03 5:00,2021,7,3,5:00,16.7,,13.5,,81,,0,,33,,5,,16.1,,100.25,,,,,,NA
-79.4,43.63,TORONTO CITY CENTRE,6158359,2021-07-03 6:00,2021,7,3,6:00,17,,14.2,,83,,0,,,,0,,16.1,,100.23,,,,,,NA
-79.4,43.63,TORONTO CITY CENTRE,6158359,2021-07-03 7:00,2021,7,3,7:00,18.8,,14.9,,78,,0,,31,,5,,16.1,,100.28,,,,,,NA
-79.4,43.63,TORONTO CITY CENTRE,6158359,2021-07-03 8:00,2021,7,3,8:00,19.6,,15.4,,76,,0,,14,,5,,16.1,,100.32,,,,,,NA
-79.4,43.63,TORONTO CITY CENTRE,6158359,2021-07-03 9:00,2021,7,3,9:00,19.6,,16,,79,,0,,20,,9,,16.1,,100.27,,,,,,NA
-79.4,43.63,TORONTO CITY CENTRE,6158359,2021-07-03 10:00,2021,7,3,10:00,19.1,,15.4,,79,,0,,18,,15,,16.1,,100.27,,,,,,NA
-79.4,43.63,TORONTO CITY CENTRE,6158359,2021-07-03 11:00,2021,7,3,11:00,18.6,,15.4,,82,,0,,18,,11,,16.1,,100.23,,,,,,NA
-79.4,43.63,TORONTO CITY CENTRE,6158359,2021-07-03 12:00,2021,7,3,12:00,19,,16.1,,83,,0,,19,,15,,16.1,,100.17,,,,,,NA
-79.4,43.63,TORONTO CITY CENTRE,6158359,2021-07-03 13:00,2021,7,3,13:00,20.6,,15.9,,74,,0,,19,,13,,16.1,,100.1,,25,,,,NA
-79.4,43.63,TORONTO CITY CENTRE,6158359,2021-07-03 14:00,2021,7,3,14:00,20.8,,16.5,,76,,0,,18,,9,,16.1,,100.07,,26,,,,NA
-79.4,43.63,TORONTO CITY CENTRE,6158359,2021-07-03 15:00,2021,7,3,15:00,21,,15.7,,72,,0,,17,,9,,16.1,,100.02,,25,,,,NA
-79.4,43.63,TORONTO CITY CENTRE,6158359,2021-07-03 16:00,2021,7,3,16:00,21.7,,14.8,,65,,0,,17,,13,,16.1,,99.96,,26,,,,NA
-79.4,43.63,TORONTO CITY CENTRE,6158359,2021-07-03 17:00,2021,7,3,17:00,22.3,,16.3,,69,,0,,18,,9,,16.1,,99.94,,27,,,,NA
-79.4,43.63,TORONTO CITY CENTRE,6158359,2021-07-03 18:00,2021,7,3,18:00,21.5,,16.2,,71,,0,,23,,8,,16.1,,99.96,,26,,,,NA
-79.4,43.63,TORONTO CITY CENTRE,6158359,2021-07-03 19:00,2021,7,3,19:00,20,,15.9,,77,,0,,,M,4,,16.1,,99.97,,25,,,,NA
-79.4,43.63,TORONTO CITY CENTRE,6158359,2021-07-03 20:00,2021,7,3,20:00,20.1,,14.1,,68,,0,,24,,9,,16.1,,100,,,,,,NA
-79.4,43.63,TORONTO CITY CENTRE,6158359,2021-07-03 21:00,2021,7,3,21:00,19.5,,14.6,,73,,0,,,M,4,,16.1,,100.07,,,,,,NA
-79.4,43.63,TORONTO CITY CENTRE,6158359,2021-07-03 22:00,2021,7,3,22:00,18.5,,15.6,,83,,0,,22,,18,,16.1,,100.06,,,,,,NA
-79.4,43.63,TORONTO CITY CENTRE,6158359,2021-07-03 23:00,2021,7,3,23:00,18.2,,16,,87,,0,,22,,9,,16.1,,100.08,,,,,,NA
-79.4,43.63,TORONTO CITY CENTRE,6158359,2021-07-04 0:00,2021,7,4,0:00,17.9,,15.9,,88,,0,,23,,9,,16.1,,100.11,,,,,,NA
-79.4,43.63,TORONTO CITY CENTRE,6158359,2021-07-04 1:00,2021,7,4,1:00,18.5,,16.2,,86,,0,,,,0,,4.8,,100.1,,,,,,Haze
-79.4,43.63,TORONTO CITY CENTRE,6158359,2021-07-04 2:00,2021,7,4,2:00,18.7,,16.7,,88,,0,,,,0,,4.8,,100.09,,,,,,Fog
-79.4,43.63,TORONTO CITY CENTRE,6158359,2021-07-04 3:00,2021,7,4,3:00,17.9,,16.7,,93,,0,,,M,4,,16.1,,100.09,,,,,,NA
-79.4,43.63,TORONTO CITY CENTRE,6158359,2021-07-04 4:00,2021,7,4,4:00,17.9,,16.3,,90,,0,,8,,9,,2,,100.12,,,,,,Fog
-79.4,43.63,TORONTO CITY CENTRE,6158359,2021-07-04 5:00,2021,7,4,5:00,17.1,,16.1,,94,,0,,20,,8,,16.1,,100.19,,,,,,NA
-79.4,43.63,TORONTO CITY CENTRE,6158359,2021-07-04 6:00,2021,7,4,6:00,18.5,,16.7,,89,,0,,4,,9,,0.8,,100.23,,,,,,Fog
-79.4,43.63,TORONTO CITY CENTRE,6158359,2021-07-04 7:00,2021,7,4,7:00,19.1,,17.5,,90,,0,,7,,24,,0,,100.28,,,,,,Fog
-79.4,43.63,TORONTO CITY CENTRE,6158359,2021-07-04 8:00,2021,7,4,8:00,19.4,,17.6,,89,,0,,7,,22,,0.6,,100.34,,,,,,Fog
-79.4,43.63,TORONTO CITY CENTRE,6158359,2021-07-04 9:00,2021,7,4,9:00,19.8,,17.7,,88,,0,,6,,26,,0.8,,100.38,,,,,,Fog
-79.4,43.63,TORONTO CITY CENTRE,6158359,2021-07-04 10:00,2021,7,4,10:00,19.7,,17.2,,85,,0,,7,,22,,1.2,,100.42,,,,,,Haze
-79.4,43.63,TORONTO CITY CENTRE,6158359,2021-07-04 11:00,2021,7,4,11:00,20.4,,17.3,,82,,0,,7,,21,,16.1,,100.46,,26,,,,NA
-79.4,43.63,TORONTO CITY CENTRE,6158359,2021-07-04 12:00,2021,7,4,12:00,20.6,,16.9,,79,,0,,7,,21,,16.1,,100.46,,26,,,,NA
-79.4,43.63,TORONTO CITY CENTRE,6158359,2021-07-04 13:00,2021,7,4,13:00,20.9,,16.9,,78,,0,,7,,22,,16.1,,100.48,,26,,,,NA
-79.4,43.63,TORONTO CITY CENTRE,6158359,2021-07-04 14:00,2021,7,4,14:00,20.6,,16.9,,79,,0,,8,,21,,16.1,,100.48,,26,,,,NA
-79.4,43.63,TORONTO CITY CENTRE,6158359,2021-07-04 15:00,2021,7,4,15:00,21.4,,15.3,,68,,0,,8,,17,,16.1,,100.47,,26,,,,NA
-79.4,43.63,TORONTO CITY CENTRE,6158359,2021-07-04 16:00,2021,7,4,16:00,21.3,,15,,67,,0,,8,,17,,16.1,,100.45,,25,,,,NA
-79.4,43.63,TORONTO CITY CENTRE,6158359,2021-07-04 17:00,2021,7,4,17:00,21.1,,16.5,,75,,0,,7,,18,,16.1,,100.44,,26,,,,NA
-79.4,43.63,TORONTO CITY CENTRE,6158359,2021-07-04 18:00,2021,7,4,18:00,20.8,,16.6,,77,,0,,7,,15,,16.1,,100.47,,26,,,,NA
-79.4,43.63,TORONTO CITY CENTRE,6158359,2021-07-04 19:00,2021,7,4,19:00,19.8,,16.3,,80,,0,,8,,15,,16.1,,100.5,,,,,,NA
-79.4,43.63,TORONTO CITY CENTRE,6158359,2021-07-04 20:00,2021,7,4,20:00,18.9,,16.4,,85,,0,,6,,15,,16.1,,100.5,,,,,,NA
-79.4,43.63,TORONTO CITY CENTRE,6158359,2021-07-04 21:00,2021,7,4,21:00,19.5,,14.4,,72,,0,,7,,13,,16.1,,100.5,,,,,,NA
-79.4,43.63,TORONTO CITY CENTRE,6158359,2021-07-04 22:00,2021,7,4,22:00,19.5,,14.2,,71,,0,,8,,13,,16.1,,100.51,,,,,,NA
-79.4,43.63,TORONTO CITY CENTRE,6158359,2021-07-04 23:00,2021,7,4,23:00,19.4,,15.1,,76,,0,,7,,17,,16.1,,100.55,,,,,,NA
-79.4,43.63,TORONTO CITY CENTRE,6158359,2021-07-05 0:00,2021,7,5,0:00,18.8,,16.3,,85,,0,,7,,17,,16.1,,100.54,,,,,,NA
-79.4,43.63,TORONTO CITY CENTRE,6158359,2021-07-05 1:00,2021,7,5,1:00,18.8,,16.4,,86,,0,,7,,15,,16.1,,100.53,,,,,,NA
-79.4,43.63,TORONTO CITY CENTRE,6158359,2021-07-05 2:00,2021,7,5,2:00,19,,16,,83,,0,,7,,15,,16.1,,100.51,,,,,,NA
-79.4,43.63,TORONTO CITY CENTRE,6158359,2021-07-05 3:00,2021,7,5,3:00,19,,15.9,,82,,0,,8,,13,,16.1,,100.48,,,,,,NA
-79.4,43.63,TORONTO CITY CENTRE,6158359,2021-07-05 4:00,2021,7,5,4:00,18.9,,15.8,,82,,0,,7,,15,,16.1,,100.45,,,,,,NA
-79.4,43.63,TORONTO CITY CENTRE,6158359,2021-07-05 5:00,2021,7,5,5:00,18.6,,16.1,,85,,0,,6,,13,,16.1,,100.48,,,,,,NA
-79.4,43.63,TORONTO CITY CENTRE,6158359,2021-07-05 6:00,2021,7,5,6:00,19,,16.5,,85,,0,,7,,13,,16.1,,100.47,,,,,,NA
-79.4,43.63,TORONTO CITY CENTRE,6158359,2021-07-05 7:00,2021,7,5,7:00,19.3,,16.9,,86,,0,,7,,8,,16.1,,100.48,,,,,,NA
-79.4,43.63,TORONTO CITY CENTRE,6158359,2021-07-05 8:00,2021,7,5,8:00,20.4,,17.7,,84,,0,,8,,11,,16.1,,100.48,,26,,,,NA
-79.4,43.63,TORONTO CITY CENTRE,6158359,2021-07-05 9:00,2021,7,5,9:00,21.2,,18.6,,85,,0,,6,,13,,16.1,,100.47,,28,,,,NA
-79.4,43.63,TORONTO CITY CENTRE,6158359,2021-07-05 10:00,2021,7,5,10:00,22.2,,19,,82,,0,,8,,13,,16.1,,100.49,,29,,,,NA
-79.4,43.63,TORONTO CITY CENTRE,6158359,2021-07-05 11:00,2021,7,5,11:00,22.3,,19.1,,82,,0,,8,,15,,16.1,,100.43,,29,,,,NA
-79.4,43.63,TORONTO CITY CENTRE,6158359,2021-07-05 12:00,2021,7,5,12:00,22.9,,18.8,,77,,0,,7,,17,,16.1,,100.39,,30,,,,NA
-79.4,43.63,TORONTO CITY CENTRE,6158359,2021-07-05 13:00,2021,7,5,13:00,22.9,,19.2,,79,,0,,8,,17,,16.1,,100.32,,30,,,,NA
-79.4,43.63,TORONTO CITY CENTRE,6158359,2021-07-05 14:00,2021,7,5,14:00,23.4,,19.6,,79,,0,,8,,15,,16.1,,100.29,,31,,,,NA
-79.4,43.63,TORONTO CITY CENTRE,6158359,2021-07-05 15:00,2021,7,5,15:00,24.3,,20.1,,77,,0,,7,,18,,16.1,,100.2,,32,,,,NA
-79.4,43.63,TORONTO CITY CENTRE,6158359,2021-07-05 16:00,2021,7,5,16:00,24.9,,20.8,,78,,0,,20,,5,,16.1,,100.12,,33,,,,NA
-79.4,43.63,TORONTO CITY CENTRE,6158359,2021-07-05 17:00,2021,7,5,17:00,24.5,,20.2,,77,,0,,23,,11,,16.1,,100.09,,32,,,,NA
-79.4,43.63,TORONTO CITY CENTRE,6158359,2021-07-05 18:00,2021,7,5,18:00,22.7,,19.5,,82,,0,,22,,18,,16.1,,100.16,,30,,,,NA
-79.4,43.63,TORONTO CITY CENTRE,6158359,2021-07-05 19:00,2021,7,5,19:00,22.2,,19.2,,83,,0,,21,,9,,16.1,,100.16,,29,,,,"Thunderstorms,Rain"
-79.4,43.63,TORONTO CITY CENTRE,6158359,2021-07-05 20:00,2021,7,5,20:00,24.6,,20.5,,77,,0,,13,,9,,16.1,,100.22,,33,,,,NA
-79.4,43.63,TORONTO CITY CENTRE,6158359,2021-07-05 21:00,2021,7,5,21:00,23.4,,19.6,,79,,0,,12,,13,,16.1,,100.21,,31,,,,NA
-79.4,43.63,TORONTO CITY CENTRE,6158359,2021-07-05 22:00,2021,7,5,22:00,21.2,,19.1,,88,,0,,5,,9,,16.1,,100.19,,28,,,,NA
-79.4,43.63,TORONTO CITY CENTRE,6158359,2021-07-05 23:00,2021,7,5,23:00,21.7,,19.7,,88,,0,,,M,4,,16.1,,100.18,,29,,,,NA
-79.4,43.63,TORONTO CITY CENTRE,6158359,2021-07-06 0:00,2021,7,6,0:00,22.7,,20.3,,86,,0,,20,,9,,16.1,,100.13,,31,,,,NA
-79.4,43.63,TORONTO CITY CENTRE,6158359,2021-07-06 1:00,2021,7,6,1:00,21.5,,20.2,,92,,0,,23,,11,,16.1,,100.11,,29,,,,NA
-79.4,43.63,TORONTO CITY CENTRE,6158359,2021-07-06 2:00,2021,7,6,2:00,20,,18.9,,93,,0,,23,,9,,14.5,,100.12,,27,,,,NA
-79.4,43.63,TORONTO CITY CENTRE,6158359,2021-07-06 3:00,2021,7,6,3:00,20.8,,19.5,,92,,0,,27,,9,,16.1,,100.14,,28,,,,NA
-79.4,43.63,TORONTO CITY CENTRE,6158359,2021-07-06 4:00,2021,7,6,4:00,22.2,,20.2,,88,,0,,27,,13,,16.1,,100.17,,30,,,,NA
-79.4,43.63,TORONTO CITY CENTRE,6158359,2021-07-06 5:00,2021,7,6,5:00,23.1,,20.1,,83,,0,,26,,15,,16.1,,100.22,,31,,,,NA
-79.4,43.63,TORONTO CITY CENTRE,6158359,2021-07-06 6:00,2021,7,6,6:00,22.5,,20,,86,,0,,22,,18,,16.1,,100.28,,30,,,,NA
-79.4,43.63,TORONTO CITY CENTRE,6158359,2021-07-06 7:00,2021,7,6,7:00,23.1,,20.3,,84,,0,,22,,15,,16.1,,100.3,,31,,,,NA
-79.4,43.63,TORONTO CITY CENTRE,6158359,2021-07-06 8:00,2021,7,6,8:00,25,,21.1,,79,,0,,24,,13,,16.1,,100.32,,34,,,,NA
-79.4,43.63,TORONTO CITY CENTRE,6158359,2021-07-06 9:00,2021,7,6,9:00,28.6,,21.5,,65,,0,,28,,13,,16.1,,100.31,,37,,,,NA
-79.4,43.63,TORONTO CITY CENTRE,6158359,2021-07-06 10:00,2021,7,6,10:00,29.8,,20,,55,,0,,29,,22,,16.1,,100.3,,37,,,,NA
-79.4,43.63,TORONTO CITY CENTRE,6158359,2021-07-06 11:00,2021,7,6,11:00,30.9,,19.8,,51,,0,,28,,18,,16.1,,100.34,,38,,,,NA
-79.4,43.63,TORONTO CITY CENTRE,6158359,2021-07-06 12:00,2021,7,6,12:00,27.9,,20.1,,62,,0,,23,,18,,16.1,,100.31,,36,,,,NA
-79.4,43.63,TORONTO CITY CENTRE,6158359,2021-07-06 13:00,2021,7,6,13:00,32.3,,17.7,,41,,0,,31,,18,,16.1,,100.29,,38,,,,NA
-79.4,43.63,TORONTO CITY CENTRE,6158359,2021-07-06 14:00,2021,7,6,14:00,32.3,,18.1,,42,,0,,28,,18,,16.1,,100.29,,38,,,,NA
-79.4,43.63,TORONTO CITY CENTRE,6158359,2021-07-06 15:00,2021,7,6,15:00,32.7,,17.6,,40,,0,,26,,28,,16.1,,100.27,,38,,,,NA
-79.4,43.63,TORONTO CITY CENTRE,6158359,2021-07-06 16:00,2021,7,6,16:00,32.4,,17.2,,40,,0,,28,,22,,16.1,,100.3,,38,,,,NA
-79.4,43.63,TORONTO CITY CENTRE,6158359,2021-07-06 17:00,2021,7,6,17:00,32,,16.8,,40,,0,,29,,22,,16.1,,100.28,,37,,,,NA
-79.4,43.63,TORONTO CITY CENTRE,6158359,2021-07-06 18:00,2021,7,6,18:00,31.2,,17.4,,43,,0,,30,,28,,16.1,,100.29,,37,,,,NA
-79.4,43.63,TORONTO CITY CENTRE,6158359,2021-07-06 19:00,2021,7,6,19:00,30.1,,16.7,,44,,0,,30,,21,,16.1,,100.37,,35,,,,NA
-79.4,43.63,TORONTO CITY CENTRE,6158359,2021-07-06 20:00,2021,7,6,20:00,28.9,,18.6,,53,,0,,34,,9,,16.1,,100.38,,35,,,,NA
-79.4,43.63,TORONTO CITY CENTRE,6158359,2021-07-06 21:00,2021,7,6,21:00,28.3,,18.3,,54,,0,,32,,9,,16.1,,100.43,,35,,,,NA
-79.4,43.63,TORONTO CITY CENTRE,6158359,2021-07-06 22:00,2021,7,6,22:00,27.7,,17.7,,54,,0,,33,,5,,16.1,,100.41,,33,,,,NA
-79.4,43.63,TORONTO CITY CENTRE,6158359,2021-07-06 23:00,2021,7,6,23:00,25,,17.8,,64,,0,,27,,5,,16.1,,100.44,,31,,,,NA
-79.4,43.63,TORONTO CITY CENTRE,6158359,2021-07-07 0:00,2021,7,7,0:00,24.5,,18.5,,69,,0,,7,,5,,16.1,,100.42,,31,,,,NA
-79.4,43.63,TORONTO CITY CENTRE,6158359,2021-07-07 1:00,2021,7,7,1:00,23.5,,18.3,,72,,0,,12,,11,,16.1,,100.39,,30,,,,NA
-79.4,43.63,TORONTO CITY CENTRE,6158359,2021-07-07 2:00,2021,7,7,2:00,22.7,,18.2,,76,,0,,8,,9,,16.1,,100.43,,29,,,,NA
-79.4,43.63,TORONTO CITY CENTRE,6158359,2021-07-07 3:00,2021,7,7,3:00,22.9,,18.8,,77,,0.2,,34,,17,,14.5,,100.5,,30,,,,Rain
-79.4,43.63,TORONTO CITY CENTRE,6158359,2021-07-07 4:00,2021,7,7,4:00,20.4,,18.9,,91,,3,,9,,18,,16.1,,100.37,,27,,,,Rain
-79.4,43.63,TORONTO CITY CENTRE,6158359,2021-07-07 5:00,2021,7,7,5:00,20.7,,18.9,,89,,0,,4,,13,,16.1,,100.43,,27,,,,NA
-79.4,43.63,TORONTO CITY CENTRE,6158359,2021-07-07 6:00,2021,7,7,6:00,20.9,,19.1,,89,,0,,7,,13,,16.1,,100.47,,28,,,,NA
-79.4,43.63,TORONTO CITY CENTRE,6158359,2021-07-07 7:00,2021,7,7,7:00,20.1,,19,,93,,0,,7,,21,,16.1,,100.52,,27,,,,NA
-79.4,43.63,TORONTO CITY CENTRE,6158359,2021-07-07 8:00,2021,7,7,8:00,19.2,,17.1,,87,,0.2,,7,,24,,16.1,,100.57,,,,,,Rain
-79.4,43.63,TORONTO CITY CENTRE,6158359,2021-07-07 9:00,2021,7,7,9:00,19,,17.5,,91,,2.5,,6,,30,,16.1,,100.59,,,,,,NA
-79.4,43.63,TORONTO CITY CENTRE,6158359,2021-07-07 10:00,2021,7,7,10:00,19.7,,17.5,,87,,0,,7,,26,,16.1,,100.62,,,,,,NA
-79.4,43.63,TORONTO CITY CENTRE,6158359,2021-07-07 11:00,2021,7,7,11:00,20,,16.7,,81,,0,,7,,26,,16.1,,100.62,,25,,,,NA
-79.4,43.63,TORONTO CITY CENTRE,6158359,2021-07-07 12:00,2021,7,7,12:00,18.8,,15.6,,82,,0,,8,,26,,16.1,,100.65,,,,,,NA
-79.4,43.63,TORONTO CITY CENTRE,6158359,2021-07-07 13:00,2021,7,7,13:00,19.2,,16.2,,83,,0,,7,,26,,16.1,,100.63,,,,,,NA
-79.4,43.63,TORONTO CITY CENTRE,6158359,2021-07-07 14:00,2021,7,7,14:00,19.4,,15.5,,78,,0,,7,,30,,16.1,,100.6,,,,,,NA
-79.4,43.63,TORONTO CITY CENTRE,6158359,2021-07-07 15:00,2021,7,7,15:00,18.9,,15,,78,,0,,8,,26,,16.1,,100.62,,,,,,NA
-79.4,43.63,TORONTO CITY CENTRE,6158359,2021-07-07 16:00,2021,7,7,16:00,18.6,,15,,79,,0,,7,,28,,16.1,,100.58,,,,,,NA
-79.4,43.63,TORONTO CITY CENTRE,6158359,2021-07-07 17:00,2021,7,7,17:00,18.4,,15.6,,84,,0,,7,,22,,16.1,,100.55,,,,,,NA
-79.4,43.63,TORONTO CITY CENTRE,6158359,2021-07-07 18:00,2021,7,7,18:00,18.2,,15.7,,85,,0,,8,,22,,16.1,,100.58,,,,,,NA
-79.4,43.63,TORONTO CITY CENTRE,6158359,2021-07-07 19:00,2021,7,7,19:00,17.9,,15,,83,,0,,8,,22,,16.1,,100.63,,,,,,NA
-79.4,43.63,TORONTO CITY CENTRE,6158359,2021-07-07 20:00,2021,7,7,20:00,17.3,,15,,86,,0,,8,,17,,16.1,,100.61,,,,,,Rain
-79.4,43.63,TORONTO CITY CENTRE,6158359,2021-07-07 21:00,2021,7,7,21:00,17.5,,15,,85,,0,,9,,15,,16.1,,100.64,,,,,,NA
-79.4,43.63,TORONTO CITY CENTRE,6158359,2021-07-07 22:00,2021,7,7,22:00,17.7,,14.6,,82,,0,,7,,26,,16.1,,100.59,,,,,,NA
-79.4,43.63,TORONTO CITY CENTRE,6158359,2021-07-07 23:00,2021,7,7,23:00,17.3,,14.2,,82,,0,,6,,28,,16.1,,100.5,,,,,,NA
-79.4,43.63,TORONTO CITY CENTRE,6158359,2021-07-08 0:00,2021,7,8,0:00,17.2,,13.4,,78,,0,,5,,24,,16.1,,100.46,,,,,,NA
-79.4,43.63,TORONTO CITY CENTRE,6158359,2021-07-08 1:00,2021,7,8,1:00,16.6,,12.6,,77,,0,,6,,21,,16.1,,100.5,,,,,,NA
-79.4,43.63,TORONTO CITY CENTRE,6158359,2021-07-08 2:00,2021,7,8,2:00,16.5,,12.9,,79,,0,,6,,26,,16.1,,100.45,,,,,,NA
-79.4,43.63,TORONTO CITY CENTRE,6158359,2021-07-08 3:00,2021,7,8,3:00,16.3,,12.9,,80,,0,,6,,28,,16.1,,100.45,,,,,,Rain
-79.4,43.63,TORONTO CITY CENTRE,6158359,2021-07-08 4:00,2021,7,8,4:00,16.5,,12.8,,79,,0,,6,,26,,16.1,,100.4,,,,,,NA
-79.4,43.63,TORONTO CITY CENTRE,6158359,2021-07-08 5:00,2021,7,8,5:00,16.1,,12.7,,80,,0,,6,,22,,16.1,,100.41,,,,,,NA
-79.4,43.63,TORONTO CITY CENTRE,6158359,2021-07-08 6:00,2021,7,8,6:00,16.2,,13.2,,82,,0,,5,,24,,16.1,,100.41,,,,,,NA
-79.4,43.63,TORONTO CITY CENTRE,6158359,2021-07-08 7:00,2021,7,8,7:00,16.5,,13.8,,84,,0,,6,,32,,16.1,,100.36,,,,,,NA
-79.4,43.63,TORONTO CITY CENTRE,6158359,2021-07-08 8:00,2021,7,8,8:00,16,,14.6,,92,,1.2,,6,,26,,8.1,,100.39,,,,,,"Thunderstorms,Moderate Rain,Fog"
-79.4,43.63,TORONTO CITY CENTRE,6158359,2021-07-08 9:00,2021,7,8,9:00,16.4,,15.8,,96,,6.3,,7,,28,,16.1,,100.29,,,,,,Rain
-79.4,43.63,TORONTO CITY CENTRE,6158359,2021-07-08 10:00,2021,7,8,10:00,16.6,,15.8,,95,,2.5,,7,,30,,16.1,,100.26,,,,,,NA
-79.4,43.63,TORONTO CITY CENTRE,6158359,2021-07-08 11:00,2021,7,8,11:00,16.5,,16,,97,,3.5,,7,,26,,6.4,,100.22,,,,,,"Moderate Rain,Fog"
-79.4,43.63,TORONTO CITY CENTRE,6158359,2021-07-08 12:00,2021,7,8,12:00,16.7,,15.8,,94,,7.6,,6,,15,,12.9,,100.25,,,,,,Moderate Rain
-79.4,43.63,TORONTO CITY CENTRE,6158359,2021-07-08 13:00,2021,7,8,13:00,17.8,,16.3,,91,,0.5,,4,,11,,16.1,,100.22,,,,,,NA
-79.4,43.63,TORONTO CITY CENTRE,6158359,2021-07-08 14:00,2021,7,8,14:00,17.7,,16.4,,92,,0.2,,6,,17,,16.1,,100.13,,,,,,Rain
-79.4,43.63,TORONTO CITY CENTRE,6158359,2021-07-08 15:00,2021,7,8,15:00,17.2,,16.2,,94,,1,,8,,13,,16.1,,100.15,,,,,,Rain
-79.4,43.63,TORONTO CITY CENTRE,6158359,2021-07-08 16:00,2021,7,8,16:00,18.2,,17.3,,94,,0.5,,5,,8,,16.1,,100.11,,,,,,Rain
-79.4,43.63,TORONTO CITY CENTRE,6158359,2021-07-08 17:00,2021,7,8,17:00,18.9,,17.8,,93,,0,,23,,8,,16.1,,100.16,,,,,,NA
-79.4,43.63,TORONTO CITY CENTRE,6158359,2021-07-08 18:00,2021,7,8,18:00,18.4,,17.4,,94,,0,,24,,5,,16.1,,100.14,,,,,,NA
-79.4,43.63,TORONTO CITY CENTRE,6158359,2021-07-08 19:00,2021,7,8,19:00,18.7,,17.6,,93,,0,,,M,4,,16.1,,100.12,,,,,,NA
-79.4,43.63,TORONTO CITY CENTRE,6158359,2021-07-08 20:00,2021,7,8,20:00,18.4,,17.8,,96,,0,,10,,5,,11.3,,100.12,,,,,,NA
-79.4,43.63,TORONTO CITY CENTRE,6158359,2021-07-08 21:00,2021,7,8,21:00,18.2,,17.7,,97,,0,,8,,8,,9.7,,100.16,,,,,,Fog
-79.4,43.63,TORONTO CITY CENTRE,6158359,2021-07-08 22:00,2021,7,8,22:00,18.1,,17.9,,99,,0,,10,,11,,4.8,,100.16,,,,,,Fog
-79.4,43.63,TORONTO CITY CENTRE,6158359,2021-07-08 23:00,2021,7,8,23:00,18.2,,18,,99,,0,,7,,11,,2.4,,100.15,,,,,,Fog
-79.4,43.63,TORONTO CITY CENTRE,6158359,2021-07-09 0:00,2021,7,9,0:00,18.5,,18.5,,100,,0,,6,,8,,2.4,,100.17,,,,,,Fog
-79.4,43.63,TORONTO CITY CENTRE,6158359,2021-07-09 1:00,2021,7,9,1:00,18.7,,18.6,,99,,0,,4,,5,,4.8,,100.13,,,,,,Fog
-79.4,43.63,TORONTO CITY CENTRE,6158359,2021-07-09 2:00,2021,7,9,2:00,18.8,,18.7,,100,,0.2,,,,0,,4.8,,100.12,,,,,,Fog
-79.4,43.63,TORONTO CITY CENTRE,6158359,2021-07-09 3:00,2021,7,9,3:00,18.7,,18.5,,99,,0,,,,0,,3.2,,100.1,,,,,,Fog
-79.4,43.63,TORONTO CITY CENTRE,6158359,2021-07-09 4:00,2021,7,9,4:00,18.8,,18.6,,99,,0,,25,,5,,3.2,,100.13,,,,,,Fog
-79.4,43.63,TORONTO CITY CENTRE,6158359,2021-07-09 5:00,2021,7,9,5:00,18.5,,18.5,,100,,0,,8,,5,,2,,100.17,,,,,,Fog
-79.4,43.63,TORONTO CITY CENTRE,6158359,2021-07-09 6:00,2021,7,9,6:00,18.4,,18.4,,100,,0.2,,9,,9,,4.8,,100.2,,,,,,"Rain,Fog"
-79.4,43.63,TORONTO CITY CENTRE,6158359,2021-07-09 7:00,2021,7,9,7:00,18.3,,18.1,,99,,0.5,,,M,4,,3.2,,100.23,,,,,,"Rain,Fog"
-79.4,43.63,TORONTO CITY CENTRE,6158359,2021-07-09 8:00,2021,7,9,8:00,18.7,,17.7,,94,,0.5,,35,,8,,14.5,,100.27,,,,,,Rain
-79.4,43.63,TORONTO CITY CENTRE,6158359,2021-07-09 9:00,2021,7,9,9:00,19.9,,17.5,,86,,0,,1,,8,,16.1,,100.3,,,,,,NA
-79.4,43.63,TORONTO CITY CENTRE,6158359,2021-07-09 10:00,2021,7,9,10:00,19.6,,18.3,,92,,0,,17,,8,,16.1,,100.34,,,,,,NA
-79.4,43.63,TORONTO CITY CENTRE,6158359,2021-07-09 11:00,2021,7,9,11:00,19.3,,18.3,,94,,1,,34,,11,,16.1,,100.35,,,,,,Rain
-79.4,43.63,TORONTO CITY CENTRE,6158359,2021-07-09 12:00,2021,7,9,12:00,20,,17.4,,85,,0,,3,,13,,16.1,,100.35,,26,,,,NA
-79.4,43.63,TORONTO CITY CENTRE,6158359,2021-07-09 13:00,2021,7,9,13:00,18.8,,18,,95,,0,,14,,8,,16.1,,100.4,,,,,,NA
-79.4,43.63,TORONTO CITY CENTRE,6158359,2021-07-09 14:00,2021,7,9,14:00,18.9,,17.9,,94,,0,,15,,5,,16.1,,100.41,,,,,,NA
-79.4,43.63,TORONTO CITY CENTRE,6158359,2021-07-09 15:00,2021,7,9,15:00,18.6,,17.6,,94,,0,,9,,8,,16.1,,100.41,,,,,,NA
-79.4,43.63,TORONTO CITY CENTRE,6158359,2021-07-09 16:00,2021,7,9,16:00,19.2,,16.1,,82,,0,,32,,17,,16.1,,100.45,,,,,,NA
-79.4,43.63,TORONTO CITY CENTRE,6158359,2021-07-09 17:00,2021,7,9,17:00,19.2,,16,,82,,0,,32,,17,,16.1,,100.48,,,,,,NA
-79.4,43.63,TORONTO CITY CENTRE,6158359,2021-07-09 18:00,2021,7,9,18:00,18.5,,15.6,,83,,0,,32,,18,,16.1,,100.54,,,,,,NA
-79.4,43.63,TORONTO CITY CENTRE,6158359,2021-07-09 19:00,2021,7,9,19:00,18.3,,15.6,,84,,0,,33,,13,,16.1,,100.58,,,,,,NA
-79.4,43.63,TORONTO CITY CENTRE,6158359,2021-07-09 20:00,2021,7,9,20:00,18.5,,15.6,,83,,0,,,M,4,,16.1,,100.66,,,,,,NA
-79.4,43.63,TORONTO CITY CENTRE,6158359,2021-07-09 21:00,2021,7,9,21:00,18.2,,15.3,,83,,0,,33,,13,,16.1,,100.75,,,,,,NA
-79.4,43.63,TORONTO CITY CENTRE,6158359,2021-07-09 22:00,2021,7,9,22:00,18.3,,15,,81,,0,,33,,8,,16.1,,100.78,,,,,,NA
-79.4,43.63,TORONTO CITY CENTRE,6158359,2021-07-09 23:00,2021,7,9,23:00,18.1,,14.8,,81,,0,,33,,9,,16.1,,100.8,,,,,,NA
-79.4,43.63,TORONTO CITY CENTRE,6158359,2021-07-10 0:00,2021,7,10,0:00,17.6,,14.5,,82,,0,,32,,13,,16.1,,100.79,,,,,,NA
-79.4,43.63,TORONTO CITY CENTRE,6158359,2021-07-10 1:00,2021,7,10,1:00,17.6,,14.5,,82,,0,,33,,17,,16.1,,100.8,,,,,,NA
-79.4,43.63,TORONTO CITY CENTRE,6158359,2021-07-10 2:00,2021,7,10,2:00,17.5,,13.9,,79,,0,,33,,13,,16.1,,100.77,,,,,,NA
-79.4,43.63,TORONTO CITY CENTRE,6158359,2021-07-10 3:00,2021,7,10,3:00,16.6,,13.4,,81,,0,,33,,13,,16.1,,100.76,,,,,,NA
-79.4,43.63,TORONTO CITY CENTRE,6158359,2021-07-10 4:00,2021,7,10,4:00,16.3,,13.1,,81,,0,,33,,15,,16.1,,100.82,,,,,,NA
-79.4,43.63,TORONTO CITY CENTRE,6158359,2021-07-10 5:00,2021,7,10,5:00,16.1,,13.1,,82,,0,,33,,17,,16.1,,100.87,,,,,,NA
-79.4,43.63,TORONTO CITY CENTRE,6158359,2021-07-10 6:00,2021,7,10,6:00,17.1,,13.1,,77,,0,,33,,11,,16.1,,100.81,,,,,,NA
-79.4,43.63,TORONTO CITY CENTRE,6158359,2021-07-10 7:00,2021,7,10,7:00,19.2,,13.1,,67,,0,,35,,11,,16.1,,100.83,,,,,,NA
-79.4,43.63,TORONTO CITY CENTRE,6158359,2021-07-10 8:00,2021,7,10,8:00,18.6,,14.5,,77,,0,,18,,11,,16.1,,100.96,,,,,,NA
-79.4,43.63,TORONTO CITY CENTRE,6158359,2021-07-10 9:00,2021,7,10,9:00,19.5,,14.2,,71,,0,,21,,5,,16.1,,100.98,,,,,,NA
-79.4,43.63,TORONTO CITY CENTRE,6158359,2021-07-10 10:00,2021,7,10,10:00,19.9,,15.4,,75,,0,,20,,15,,16.1,,101.01,,,,,,NA
-79.4,43.63,TORONTO CITY CENTRE,6158359,2021-07-10 11:00,2021,7,10,11:00,20.6,,15.3,,71,,0,,18,,13,,16.1,,100.97,,25,,,,NA
-79.4,43.63,TORONTO CITY CENTRE,6158359,2021-07-10 12:00,2021,7,10,12:00,20.7,,16.5,,77,,0,,19,,15,,16.1,,100.97,,26,,,,NA
-79.4,43.63,TORONTO CITY CENTRE,6158359,2021-07-10 13:00,2021,7,10,13:00,20.9,,16.3,,75,,0,,19,,15,,16.1,,100.99,,26,,,,NA
-79.4,43.63,TORONTO CITY CENTRE,6158359,2021-07-10 14:00,2021,7,10,14:00,21.6,,15.6,,68,,0,,20,,9,,16.1,,100.91,,26,,,,NA
-79.4,43.63,TORONTO CITY CENTRE,6158359,2021-07-10 15:00,2021,7,10,15:00,21.3,,15.9,,71,,0,,21,,8,,16.1,,100.87,,26,,,,NA
-79.4,43.63,TORONTO CITY CENTRE,6158359,2021-07-10 16:00,2021,7,10,16:00,21.4,,14.9,,66,,0,,19,,8,,16.1,,100.8,,25,,,,NA
-79.4,43.63,TORONTO CITY CENTRE,6158359,2021-07-10 17:00,2021,7,10,17:00,22.2,,14,,59,,0,,18,,9,,16.1,,100.81,,26,,,,NA
-79.4,43.63,TORONTO CITY CENTRE,6158359,2021-07-10 18:00,2021,7,10,18:00,22,,12,,53,,0,,,,0,,16.1,,100.77,,,,,,NA
-79.4,43.63,TORONTO CITY CENTRE,6158359,2021-07-10 19:00,2021,7,10,19:00,21,,12.9,,59,,0,,18,,8,,16.1,,100.8,,,,,,NA
-79.4,43.63,TORONTO CITY CENTRE,6158359,2021-07-10 20:00,2021,7,10,20:00,19.5,,14.6,,73,,0,,7,,5,,16.1,,100.78,,,,,,NA
-79.4,43.63,TORONTO CITY CENTRE,6158359,2021-07-10 21:00,2021,7,10,21:00,17.8,,15,,83,,0,,10,,5,,16.1,,100.79,,,,,,NA
-79.4,43.63,TORONTO CITY CENTRE,6158359,2021-07-10 22:00,2021,7,10,22:00,17.7,,14.6,,82,,0,,10,,5,,16.1,,100.84,,,,,,NA
-79.4,43.63,TORONTO CITY CENTRE,6158359,2021-07-10 23:00,2021,7,10,23:00,18.8,,16.1,,84,,0,,8,,8,,16.1,,100.84,,,,,,NA
-79.4,43.63,TORONTO CITY CENTRE,6158359,2021-07-11 0:00,2021,7,11,0:00,18.8,,15.1,,79,,0,,7,,9,,16.1,,100.85,,,,,,NA
-79.4,43.63,TORONTO CITY CENTRE,6158359,2021-07-11 1:00,2021,7,11,1:00,19,,15.5,,80,,0,,7,,13,,16.1,,100.82,,,,,,NA
-79.4,43.63,TORONTO CITY CENTRE,6158359,2021-07-11 2:00,2021,7,11,2:00,18.9,,16,,83,,0,,6,,13,,16.1,,100.81,,,,,,NA
-79.4,43.63,TORONTO CITY CENTRE,6158359,2021-07-11 3:00,2021,7,11,3:00,19,,15.9,,82,,0,,6,,8,,16.1,,100.8,,,,,,NA
-79.4,43.63,TORONTO CITY CENTRE,6158359,2021-07-11 4:00,2021,7,11,4:00,19,,15.8,,81,,0,,6,,17,,16.1,,100.76,,,,,,NA
-79.4,43.63,TORONTO CITY CENTRE,6158359,2021-07-11 5:00,2021,7,11,5:00,19.1,,16.2,,83,,0,,7,,15,,16.1,,100.76,,,,,,NA
-79.4,43.63,TORONTO CITY CENTRE,6158359,2021-07-11 6:00,2021,7,11,6:00,19.2,,16.5,,84,,0,,7,,15,,16.1,,100.78,,,,,,NA
-79.4,43.63,TORONTO CITY CENTRE,6158359,2021-07-11 7:00,2021,7,11,7:00,19.3,,16.6,,84,,0,,6,,18,,16.1,,100.79,,,,,,NA
-79.4,43.63,TORONTO CITY CENTRE,6158359,2021-07-11 8:00,2021,7,11,8:00,20,,16.8,,81,,0,,6,,22,,16.1,,100.77,,25,,,,NA
-79.4,43.63,TORONTO CITY CENTRE,6158359,2021-07-11 9:00,2021,7,11,9:00,20,,17.1,,83,,0,,6,,22,,16.1,,100.76,,25,,,,NA
-79.4,43.63,TORONTO CITY CENTRE,6158359,2021-07-11 10:00,2021,7,11,10:00,19.9,,17.4,,85,,0,,7,,21,,16.1,,100.76,,,,,,NA
-79.4,43.63,TORONTO CITY CENTRE,6158359,2021-07-11 11:00,2021,7,11,11:00,19.9,,18,,89,,0,,7,,18,,16.1,,100.85,,,,,,Rain
-79.4,43.63,TORONTO CITY CENTRE,6158359,2021-07-11 12:00,2021,7,11,12:00,19.7,,18.5,,93,,0.2,,7,,15,,16.1,,100.86,,,,,,Rain
-79.4,43.63,TORONTO CITY CENTRE,6158359,2021-07-11 13:00,2021,7,11,13:00,20,,18.7,,92,,0.2,,4,,21,,16.1,,100.84,,27,,,,Rain
-79.4,43.63,TORONTO CITY CENTRE,6158359,2021-07-11 14:00,2021,7,11,14:00,19.9,,19.1,,95,,0.5,,7,,18,,16.1,,100.83,,,,,,Rain
-79.4,43.63,TORONTO CITY CENTRE,6158359,2021-07-11 15:00,2021,7,11,15:00,20.1,,19.5,,96,,0.2,,6,,17,,16.1,,100.77,,27,,,,Rain
-79.4,43.63,TORONTO CITY CENTRE,6158359,2021-07-11 16:00,2021,7,11,16:00,20.4,,18.8,,90,,0.2,,8,,13,,16.1,,100.78,,27,,,,NA
-79.4,43.63,TORONTO CITY CENTRE,6158359,2021-07-11 17:00,2021,7,11,17:00,20,,18.5,,91,,0,,8,,17,,16.1,,100.77,,26,,,,NA
-79.4,43.63,TORONTO CITY CENTRE,6158359,2021-07-11 18:00,2021,7,11,18:00,20.3,,17.7,,85,,0,,5,,17,,16.1,,100.75,,26,,,,NA
-79.4,43.63,TORONTO CITY CENTRE,6158359,2021-07-11 19:00,2021,7,11,19:00,20.6,,16.3,,76,,0,,6,,21,,16.1,,100.74,,25,,,,NA
-79.4,43.63,TORONTO CITY CENTRE,6158359,2021-07-11 20:00,2021,7,11,20:00,20.1,,17.9,,87,,0,,6,,18,,16.1,,100.72,,26,,,,NA
-79.4,43.63,TORONTO CITY CENTRE,6158359,2021-07-11 21:00,2021,7,11,21:00,20.4,,17.8,,85,,0,,6,,22,,16.1,,100.8,,26,,,,NA
-79.4,43.63,TORONTO CITY CENTRE,6158359,2021-07-11 22:00,2021,7,11,22:00,20.1,,18.1,,88,,0,,6,,21,,16.1,,100.8,,26,,,,NA
-79.4,43.63,TORONTO CITY CENTRE,6158359,2021-07-11 23:00,2021,7,11,23:00,20.1,,18.1,,88,,0,,6,,21,,16.1,,100.81,,26,,,,NA
-79.4,43.63,TORONTO CITY CENTRE,6158359,2021-07-12 0:00,2021,7,12,0:00,19.9,,18.8,,93,,0,,6,,18,,16.1,,100.82,,,,,,NA
-79.4,43.63,TORONTO CITY CENTRE,6158359,2021-07-12 1:00,2021,7,12,1:00,19.9,,18.6,,92,,0,,6,,18,,16.1,,100.83,,,,,,NA
-79.4,43.63,TORONTO CITY CENTRE,6158359,2021-07-12 2:00,2021,7,12,2:00,19.9,,18.6,,92,,0,,6,,17,,16.1,,100.86,,,,,,NA
-79.4,43.63,TORONTO CITY CENTRE,6158359,2021-07-12 3:00,2021,7,12,3:00,19.5,,18.2,,92,,0,,8,,11,,16.1,,100.86,,,,,,NA
-79.4,43.63,TORONTO CITY CENTRE,6158359,2021-07-12 4:00,2021,7,12,4:00,19.6,,18.3,,92,,0,,5,,18,,16.1,,100.89,,,,,,NA
-79.4,43.63,TORONTO CITY CENTRE,6158359,2021-07-12 5:00,2021,7,12,5:00,19.9,,17.5,,86,,0,,5,,13,,16.1,,100.95,,,,,,NA
-79.4,43.63,TORONTO CITY CENTRE,6158359,2021-07-12 6:00,2021,7,12,6:00,20.1,,17.7,,86,,0,,4,,21,,16.1,,100.96,,26,,,,NA
-79.4,43.63,TORONTO CITY CENTRE,6158359,2021-07-12 7:00,2021,7,12,7:00,20.2,,17.8,,86,,0,,6,,22,,16.1,,100.98,,26,,,,NA
-79.4,43.63,TORONTO CITY CENTRE,6158359,2021-07-12 8:00,2021,7,12,8:00,20.7,,18.2,,86,,0,,7,,18,,16.1,,101.04,,27,,,,NA
-79.4,43.63,TORONTO CITY CENTRE,6158359,2021-07-12 9:00,2021,7,12,9:00,21.6,,18.3,,81,,0,,7,,21,,16.1,,101.08,,28,,,,NA
-79.4,43.63,TORONTO CITY CENTRE,6158359,2021-07-12 10:00,2021,7,12,10:00,22.8,,17.6,,72,,0,,6,,21,,16.1,,101.09,,29,,,,NA
-79.4,43.63,TORONTO CITY CENTRE,6158359,2021-07-12 11:00,2021,7,12,11:00,23,,17.2,,69,,0,,7,,26,,16.1,,101.11,,28,,,,NA
-79.4,43.63,TORONTO CITY CENTRE,6158359,2021-07-12 12:00,2021,7,12,12:00,22.8,,18,,74,,0,,7,,22,,16.1,,101.15,,29,,,,NA
-79.4,43.63,TORONTO CITY CENTRE,6158359,2021-07-12 13:00,2021,7,12,13:00,22,,18.6,,81,,0,,7,,17,,16.1,,101.16,,28,,,,NA
-79.4,43.63,TORONTO CITY CENTRE,6158359,2021-07-12 14:00,2021,7,12,14:00,21.8,,18,,79,,0,,8,,17,,16.1,,101.13,,28,,,,NA
-79.4,43.63,TORONTO CITY CENTRE,6158359,2021-07-12 15:00,2021,7,12,15:00,22.9,,18.7,,77,,0,,8,,18,,16.1,,101.09,,29,,,,NA
-79.4,43.63,TORONTO CITY CENTRE,6158359,2021-07-12 16:00,2021,7,12,16:00,22,,18,,78,,0,,8,,18,,16.1,,101.07,,28,,,,NA
-79.4,43.63,TORONTO CITY CENTRE,6158359,2021-07-12 17:00,2021,7,12,17:00,22.4,,18.5,,78,,0,,7,,18,,16.1,,101.03,,29,,,,NA
-79.4,43.63,TORONTO CITY CENTRE,6158359,2021-07-12 18:00,2021,7,12,18:00,21.9,,18.2,,79,,0,,7,,26,,16.1,,101.02,,28,,,,NA
-79.4,43.63,TORONTO CITY CENTRE,6158359,2021-07-12 19:00,2021,7,12,19:00,21,,18.3,,84,,0,,6,,21,,16.1,,101.04,,27,,,,NA
-79.4,43.63,TORONTO CITY CENTRE,6158359,2021-07-12 20:00,2021,7,12,20:00,20.8,,18.3,,85,,0,,6,,18,,16.1,,101.02,,27,,,,NA
-79.4,43.63,TORONTO CITY CENTRE,6158359,2021-07-12 21:00,2021,7,12,21:00,20.6,,18.4,,87,,0,,6,,21,,16.1,,101.03,,27,,,,NA
-79.4,43.63,TORONTO CITY CENTRE,6158359,2021-07-12 22:00,2021,7,12,22:00,20.6,,18.5,,88,,0,,7,,18,,16.1,,101.04,,27,,,,NA
-79.4,43.63,TORONTO CITY CENTRE,6158359,2021-07-12 23:00,2021,7,12,23:00,20.5,,18.8,,90,,0,,6,,18,,16.1,,101.03,,27,,,,NA
-79.4,43.63,TORONTO CITY CENTRE,6158359,2021-07-13 0:00,2021,7,13,0:00,20.7,,19,,90,,0,,6,,18,,16.1,,100.99,,27,,,,NA
-79.4,43.63,TORONTO CITY CENTRE,6158359,2021-07-13 1:00,2021,7,13,1:00,20.4,,19.3,,93,,0,,7,,17,,16.1,,100.97,,27,,,,NA
-79.4,43.63,TORONTO CITY CENTRE,6158359,2021-07-13 2:00,2021,7,13,2:00,20.5,,19.5,,94,,0,,7,,13,,16.1,,100.94,,28,,,,NA
-79.4,43.63,TORONTO CITY CENTRE,6158359,2021-07-13 3:00,2021,7,13,3:00,20.4,,19.5,,94,,0,,7,,17,,16.1,,100.95,,28,,,,NA
-79.4,43.63,TORONTO CITY CENTRE,6158359,2021-07-13 4:00,2021,7,13,4:00,20.3,,19.7,,96,,0,,7,,11,,16.1,,100.95,,28,,,,NA
-79.4,43.63,TORONTO CITY CENTRE,6158359,2021-07-13 5:00,2021,7,13,5:00,20.4,,19.8,,96,,0,,7,,11,,16.1,,100.97,,28,,,,NA
-79.4,43.63,TORONTO CITY CENTRE,6158359,2021-07-13 6:00,2021,7,13,6:00,20.7,,20.2,,97,,0,,7,,11,,16.1,,100.99,,28,,,,NA
-79.4,43.63,TORONTO CITY CENTRE,6158359,2021-07-13 7:00,2021,7,13,7:00,20.9,,20.3,,96,,0,,8,,11,,16.1,,100.98,,29,,,,NA
-79.4,43.63,TORONTO CITY CENTRE,6158359,2021-07-13 8:00,2021,7,13,8:00,20.9,,20.4,,97,,0,,8,,13,,14.5,,100.94,,29,,,,NA
-79.4,43.63,TORONTO CITY CENTRE,6158359,2021-07-13 9:00,2021,7,13,9:00,21.3,,20.5,,95,,0,,8,,9,,4.8,,100.97,,29,,,,Fog
-79.4,43.63,TORONTO CITY CENTRE,6158359,2021-07-13 10:00,2021,7,13,10:00,22.3,,20.7,,90,,0,,8,,13,,16.1,,100.96,,30,,,,NA
-79.4,43.63,TORONTO CITY CENTRE,6158359,2021-07-13 11:00,2021,7,13,11:00,22.1,,20.7,,92,,0,,7,,13,,9.7,,100.93,,30,,,,Fog
-79.4,43.63,TORONTO CITY CENTRE,6158359,2021-07-13 12:00,2021,7,13,12:00,23.1,,21.3,,90,,0,,7,,15,,16.1,,100.87,,32,,,,NA
-79.4,43.63,TORONTO CITY CENTRE,6158359,2021-07-13 13:00,2021,7,13,13:00,23.1,,21.1,,88,,0,,7,,18,,16.1,,100.77,,32,,,,NA
-79.4,43.63,TORONTO CITY CENTRE,6158359,2021-07-13 14:00,2021,7,13,14:00,22.4,,21.7,,96,,0.5,,7,,17,,8.1,,100.72,,31,,,,"Thunderstorms,Fog"
-79.4,43.63,TORONTO CITY CENTRE,6158359,2021-07-13 15:00,2021,7,13,15:00,24,,22.2,,89,,0,,7,,17,,16.1,,100.67,,34,,,,NA
-79.4,43.63,TORONTO CITY CENTRE,6158359,2021-07-13 16:00,2021,7,13,16:00,24.9,,22.2,,85,,0,,,M,5,,16.1,,100.7,,34,,,,NA
-79.4,43.63,TORONTO CITY CENTRE,6158359,2021-07-13 17:00,2021,7,13,17:00,23.4,,21.5,,89,,0,,8,,9,,16.1,,100.67,,32,,,,NA
-79.4,43.63,TORONTO CITY CENTRE,6158359,2021-07-13 18:00,2021,7,13,18:00,24.5,,21.3,,82,,0.2,,21,,5,,16.1,,100.62,,33,,,,NA
-79.4,43.63,TORONTO CITY CENTRE,6158359,2021-07-13 19:00,2021,7,13,19:00,22.9,,20.7,,87,,0,,20,,22,,16.1,,100.62,,31,,,,NA
-79.4,43.63,TORONTO CITY CENTRE,6158359,2021-07-13 20:00,2021,7,13,20:00,21.9,,20.6,,92,,0,,20,,15,,16.1,,100.64,,30,,,,NA
-79.4,43.63,TORONTO CITY CENTRE,6158359,2021-07-13 21:00,2021,7,13,21:00,21.7,,20.5,,93,,0,,19,,21,,16.1,,100.61,,30,,,,NA
-79.4,43.63,TORONTO CITY CENTRE,6158359,2021-07-13 22:00,2021,7,13,22:00,21.2,,20.2,,94,,0,,16,,13,,16.1,,100.63,,29,,,,NA
-79.4,43.63,TORONTO CITY CENTRE,6158359,2021-07-13 23:00,2021,7,13,23:00,21.1,,20.5,,96,,0,,22,,17,,16.1,,100.66,,29,,,,NA
-79.4,43.63,TORONTO CITY CENTRE,6158359,2021-07-14 0:00,2021,7,14,0:00,20.7,,19.7,,94,,1.5,,25,,9,,16.1,,100.66,,28,,,,NA
-79.4,43.63,TORONTO CITY CENTRE,6158359,2021-07-14 1:00,2021,7,14,1:00,20.9,,20.4,,97,,0,,21,,8,,12.9,,100.69,,29,,,,NA
-79.4,43.63,TORONTO CITY CENTRE,6158359,2021-07-14 2:00,2021,7,14,2:00,21,,20.1,,95,,0,,25,,17,,16.1,,100.69,,29,,,,NA
-79.4,43.63,TORONTO CITY CENTRE,6158359,2021-07-14 3:00,2021,7,14,3:00,20.9,,20.1,,95,,0,,23,,13,,16.1,,100.72,,29,,,,NA
-79.4,43.63,TORONTO CITY CENTRE,6158359,2021-07-14 4:00,2021,7,14,4:00,21,,20.2,,95,,0,,24,,13,,16.1,,100.73,,29,,,,NA
-79.4,43.63,TORONTO CITY CENTRE,6158359,2021-07-14 5:00,2021,7,14,5:00,20.6,,19.8,,95,,0,,26,,11,,16.1,,100.8,,28,,,,NA
-79.4,43.63,TORONTO CITY CENTRE,6158359,2021-07-14 6:00,2021,7,14,6:00,21.6,,19.2,,86,,0,,27,,13,,16.1,,100.85,,29,,,,NA
-79.4,43.63,TORONTO CITY CENTRE,6158359,2021-07-14 7:00,2021,7,14,7:00,22.5,,19.3,,82,,0,,27,,18,,16.1,,100.9,,30,,,,NA
-79.4,43.63,TORONTO CITY CENTRE,6158359,2021-07-14 8:00,2021,7,14,8:00,23.1,,19.9,,82,,0,,25,,11,,16.1,,100.92,,31,,,,NA
-79.4,43.63,TORONTO CITY CENTRE,6158359,2021-07-14 9:00,2021,7,14,9:00,22.5,,19.8,,85,,0,,23,,15,,16.1,,100.95,,30,,,,NA
-79.4,43.63,TORONTO CITY CENTRE,6158359,2021-07-14 10:00,2021,7,14,10:00,23.5,,20.2,,81,,0,,20,,17,,16.1,,100.95,,31,,,,NA
-79.4,43.63,TORONTO CITY CENTRE,6158359,2021-07-14 11:00,2021,7,14,11:00,23.6,,20.7,,83,,0,,19,,18,,16.1,,100.98,,32,,,,NA
-79.4,43.63,TORONTO CITY CENTRE,6158359,2021-07-14 12:00,2021,7,14,12:00,24,,21.2,,84,,0,,17,,21,,16.1,,100.99,,33,,,,NA
-79.4,43.63,TORONTO CITY CENTRE,6158359,2021-07-14 13:00,2021,7,14,13:00,24.7,,20.7,,78,,0,,17,,15,,16.1,,100.97,,33,,,,NA
-79.4,43.63,TORONTO CITY CENTRE,6158359,2021-07-14 14:00,2021,7,14,14:00,25.1,,20.7,,76,,0,,17,,13,,16.1,,100.96,,33,,,,NA
-79.4,43.63,TORONTO CITY CENTRE,6158359,2021-07-14 15:00,2021,7,14,15:00,26.8,,21.2,,71,,0,,14,,11,,16.1,,100.9,,35,,,,NA
-79.4,43.63,TORONTO CITY CENTRE,6158359,2021-07-14 16:00,2021,7,14,16:00,25.4,,21.2,,77,,0,,17,,13,,16.1,,100.88,,34,,,,NA
-79.4,43.63,TORONTO CITY CENTRE,6158359,2021-07-14 17:00,2021,7,14,17:00,25.3,,20.9,,76,,0,,16,,18,,16.1,,100.83,,34,,,,NA
-79.4,43.63,TORONTO CITY CENTRE,6158359,2021-07-14 18:00,2021,7,14,18:00,24,,20.9,,82,,0,,18,,15,,16.1,,100.86,,32,,,,NA
-79.4,43.63,TORONTO CITY CENTRE,6158359,2021-07-14 19:00,2021,7,14,19:00,23,,21,,88,,0,,29,,5,,16.1,,100.88,,31,,,,NA
-79.4,43.63,TORONTO CITY CENTRE,6158359,2021-07-14 20:00,2021,7,14,20:00,22.1,,20.8,,92,,0,,27,,9,,16.1,,100.88,,30,,,,NA
-79.4,43.63,TORONTO CITY CENTRE,6158359,2021-07-14 21:00,2021,7,14,21:00,22.3,,21,,92,,0,,,,0,,16.1,,100.94,,31,,,,NA
-79.4,43.63,TORONTO CITY CENTRE,6158359,2021-07-14 22:00,2021,7,14,22:00,21.6,,19.9,,90,,0,,26,,8,,16.1,,100.9,,29,,,,NA
-79.4,43.63,TORONTO CITY CENTRE,6158359,2021-07-14 23:00,2021,7,14,23:00,21.6,,20.1,,91,,0,,18,,8,,16.1,,100.89,,29,,,,NA
-79.4,43.63,TORONTO CITY CENTRE,6158359,2021-07-15 0:00,2021,7,15,0:00,21.3,,20.5,,95,,0,,19,,11,,12.9,,100.91,,29,,,,NA
-79.4,43.63,TORONTO CITY CENTRE,6158359,2021-07-15 1:00,2021,7,15,1:00,21.5,,20.4,,93,,0,,20,,4,,16.1,,100.89,,29,,,,NA
-79.4,43.63,TORONTO CITY CENTRE,6158359,2021-07-15 2:00,2021,7,15,2:00,21.1,,20.3,,95,,0,,,,0,,11.3,,100.89,,29,,,,NA
-79.4,43.63,TORONTO CITY CENTRE,6158359,2021-07-15 3:00,2021,7,15,3:00,20.3,,19.9,,98,,0,,18,,5,,9.7,,100.88,,28,,,,Fog
-79.4,43.63,TORONTO CITY CENTRE,6158359,2021-07-15 4:00,2021,7,15,4:00,20.6,,20.1,,97,,0,,16,,5,,8.1,,100.84,,28,,,,Fog
-79.4,43.63,TORONTO CITY CENTRE,6158359,2021-07-15 5:00,2021,7,15,5:00,20.4,,20.1,,98,,0,,,,0,,6.4,,100.81,,28,,,,Fog
-79.4,43.63,TORONTO CITY CENTRE,6158359,2021-07-15 6:00,2021,7,15,6:00,21.1,,20.3,,95,,0,,18,,4,,9.7,,100.78,,29,,,,Fog
-79.4,43.63,TORONTO CITY CENTRE,6158359,2021-07-15 7:00,2021,7,15,7:00,21.6,,19.8,,89,,0,,16,,9,,16.1,,100.79,,29,,,,NA
-79.4,43.63,TORONTO CITY CENTRE,6158359,2021-07-15 8:00,2021,7,15,8:00,22.5,,20.2,,87,,0,,18,,8,,16.1,,100.74,,30,,,,NA
-79.4,43.63,TORONTO CITY CENTRE,6158359,2021-07-15 9:00,2021,7,15,9:00,23,,20.5,,86,,0,,18,,9,,16.1,,100.68,,31,,,,NA
-79.4,43.63,TORONTO CITY CENTRE,6158359,2021-07-15 10:00,2021,7,15,10:00,24.4,,21.7,,85,,0,,17,,15,,16.1,,100.61,,33,,,,NA
-79.4,43.63,TORONTO CITY CENTRE,6158359,2021-07-15 11:00,2021,7,15,11:00,24.4,,21.6,,84,,0,,18,,13,,16.1,,100.57,,33,,,,NA
-79.4,43.63,TORONTO CITY CENTRE,6158359,2021-07-15 12:00,2021,7,15,12:00,24.5,,21,,81,,0,,18,,18,,16.1,,100.48,,33,,,,NA
-79.4,43.63,TORONTO CITY CENTRE,6158359,2021-07-15 13:00,2021,7,15,13:00,25.6,,21.8,,79,,0,,19,,21,,16.1,,100.38,,35,,,,NA
-79.4,43.63,TORONTO CITY CENTRE,6158359,2021-07-15 14:00,2021,7,15,14:00,25.5,,21.6,,79,,0,,20,,21,,16.1,,100.31,,34,,,,NA
-79.4,43.63,TORONTO CITY CENTRE,6158359,2021-07-15 15:00,2021,7,15,15:00,24.9,,21.1,,79,,0,,19,,26,,16.1,,100.23,,33,,,,NA
-79.4,43.63,TORONTO CITY CENTRE,6158359,2021-07-15 16:00,2021,7,15,16:00,25,,21.2,,79,,0,,20,,28,,16.1,,100.16,,34,,,,NA
-79.4,43.63,TORONTO CITY CENTRE,6158359,2021-07-15 17:00,2021,7,15,17:00,25,,20.9,,78,,0,,21,,32,,16.1,,100.13,,33,,,,NA
-79.4,43.63,TORONTO CITY CENTRE,6158359,2021-07-15 18:00,2021,7,15,18:00,24.7,,20.9,,79,,0,,22,,24,,16.1,,100.08,,33,,,,NA
-79.4,43.63,TORONTO CITY CENTRE,6158359,2021-07-15 19:00,2021,7,15,19:00,23.9,,21.1,,84,,0,,23,,18,,16.1,,100.13,,32,,,,Rain
-79.4,43.63,TORONTO CITY CENTRE,6158359,2021-07-15 20:00,2021,7,15,20:00,23.8,,21.2,,85,,0,,21,,13,,16.1,,100.16,,32,,,,NA
-79.4,43.63,TORONTO CITY CENTRE,6158359,2021-07-15 21:00,2021,7,15,21:00,22,,21,,94,,11.4,,26,,15,,4.8,,100.28,,30,,,,"Thunderstorms,Heavy Rain,Fog"
-79.4,43.63,TORONTO CITY CENTRE,6158359,2021-07-15 22:00,2021,7,15,22:00,22.5,,21,,91,,5.6,,27,,17,,16.1,,100.36,,31,,,,NA
-79.4,43.63,TORONTO CITY CENTRE,6158359,2021-07-15 23:00,2021,7,15,23:00,21.4,,19.4,,88,,0,,27,,15,,16.1,,100.4,,28,,,,NA
-79.4,43.63,TORONTO CITY CENTRE,6158359,2021-07-16 0:00,2021,7,16,0:00,21,,18.6,,86,,0,,28,,13,,16.1,,100.45,,27,,,,NA
-79.4,43.63,TORONTO CITY CENTRE,6158359,2021-07-16 1:00,2021,7,16,1:00,20.6,,18.4,,87,,0,,27,,11,,16.1,,100.48,,27,,,,NA
-79.4,43.63,TORONTO CITY CENTRE,6158359,2021-07-16 2:00,2021,7,16,2:00,20.3,,17.7,,85,,0,,29,,8,,16.1,,100.51,,26,,,,NA
-79.4,43.63,TORONTO CITY CENTRE,6158359,2021-07-16 3:00,2021,7,16,3:00,20,,17.5,,85,,0,,27,,8,,16.1,,100.55,,26,,,,NA
-79.4,43.63,TORONTO CITY CENTRE,6158359,2021-07-16 4:00,2021,7,16,4:00,20.1,,17.2,,83,,0,,30,,9,,16.1,,100.6,,26,,,,NA
-79.4,43.63,TORONTO CITY CENTRE,6158359,2021-07-16 5:00,2021,7,16,5:00,19.4,,16.9,,85,,0,,31,,11,,16.1,,100.67,,,,,,NA
-79.4,43.63,TORONTO CITY CENTRE,6158359,2021-07-16 6:00,2021,7,16,6:00,19.6,,17.1,,85,,0,,31,,9,,16.1,,100.74,,,,,,NA
-79.4,43.63,TORONTO CITY CENTRE,6158359,2021-07-16 7:00,2021,7,16,7:00,20.2,,16.9,,81,,0,,35,,8,,16.1,,100.79,,25,,,,NA
-79.4,43.63,TORONTO CITY CENTRE,6158359,2021-07-16 8:00,2021,7,16,8:00,21,,17,,78,,0,,30,,11,,16.1,,100.86,,26,,,,NA
-79.4,43.63,TORONTO CITY CENTRE,6158359,2021-07-16 9:00,2021,7,16,9:00,21.5,,16.2,,71,,0,,32,,8,,16.1,,100.89,,26,,,,NA
-79.4,43.63,TORONTO CITY CENTRE,6158359,2021-07-16 10:00,2021,7,16,10:00,22.2,,16,,68,,0,,32,,9,,16.1,,100.88,,27,,,,NA
-79.4,43.63,TORONTO CITY CENTRE,6158359,2021-07-16 11:00,2021,7,16,11:00,22.9,,17.3,,70,,0,,,M,11,,16.1,,100.89,,28,,,,NA
-79.4,43.63,TORONTO CITY CENTRE,6158359,2021-07-16 12:00,2021,7,16,12:00,21.8,,18,,79,,0,,17,,17,,16.1,,100.91,,28,,,,NA
-79.4,43.63,TORONTO CITY CENTRE,6158359,2021-07-16 13:00,2021,7,16,13:00,21.9,,18.2,,79,,0,,17,,11,,16.1,,100.89,,28,,,,NA
-79.4,43.63,TORONTO CITY CENTRE,6158359,2021-07-16 14:00,2021,7,16,14:00,21.9,,17.8,,77,,0,,17,,11,,16.1,,100.87,,28,,,,NA
-79.4,43.63,TORONTO CITY CENTRE,6158359,2021-07-16 15:00,2021,7,16,15:00,21.7,,18.1,,80,,0,,15,,9,,16.1,,100.83,,28,,,,NA
-79.4,43.63,TORONTO CITY CENTRE,6158359,2021-07-16 16:00,2021,7,16,16:00,21.5,,17,,75,,0,,16,,9,,16.1,,100.81,,27,,,,NA
-79.4,43.63,TORONTO CITY CENTRE,6158359,2021-07-16 17:00,2021,7,16,17:00,21,,17.4,,80,,0,,16,,9,,16.1,,100.8,,27,,,,NA
-79.4,43.63,TORONTO CITY CENTRE,6158359,2021-07-16 18:00,2021,7,16,18:00,21.1,,17.7,,81,,0,,,M,4,,16.1,,100.8,,27,,,,NA
-79.4,43.63,TORONTO CITY CENTRE,6158359,2021-07-16 19:00,2021,7,16,19:00,20.8,,17.8,,83,,0,,11,,5,,16.1,,100.79,,27,,,,NA
-79.4,43.63,TORONTO CITY CENTRE,6158359,2021-07-16 20:00,2021,7,16,20:00,20.6,,17.3,,81,,0,,7,,8,,16.1,,100.81,,26,,,,NA
-79.4,43.63,TORONTO CITY CENTRE,6158359,2021-07-16 21:00,2021,7,16,21:00,21,,16.9,,77,,0,,10,,9,,16.1,,100.87,,26,,,,NA
-79.4,43.63,TORONTO CITY CENTRE,6158359,2021-07-16 22:00,2021,7,16,22:00,20.8,,17.3,,80,,0,,8,,11,,16.1,,100.88,,26,,,,NA
-79.4,43.63,TORONTO CITY CENTRE,6158359,2021-07-16 23:00,2021,7,16,23:00,21.1,,15.6,,71,,0,,5,,11,,16.1,,100.84,,25,,,,NA
-79.4,43.63,TORONTO CITY CENTRE,6158359,2021-07-17 0:00,2021,7,17,0:00,21.2,,15.4,,69,,0,,6,,18,,16.1,,100.8,,25,,,,NA
-79.4,43.63,TORONTO CITY CENTRE,6158359,2021-07-17 1:00,2021,7,17,1:00,21,,17.4,,80,,0,,8,,13,,16.1,,100.81,,27,,,,NA
-79.4,43.63,TORONTO CITY CENTRE,6158359,2021-07-17 2:00,2021,7,17,2:00,20.7,,17.5,,82,,0,,6,,17,,16.1,,100.81,,26,,,,NA
-79.4,43.63,TORONTO CITY CENTRE,6158359,2021-07-17 3:00,2021,7,17,3:00,20.6,,17.5,,82,,0,,7,,15,,16.1,,100.8,,26,,,,NA
-79.4,43.63,TORONTO CITY CENTRE,6158359,2021-07-17 4:00,2021,7,17,4:00,20.2,,18,,87,,0,,6,,15,,16.1,,100.82,,26,,,,Rain
-79.4,43.63,TORONTO CITY CENTRE,6158359,2021-07-17 5:00,2021,7,17,5:00,20,,18.1,,89,,0,,4,,11,,16.1,,100.89,,26,,,,Rain
-79.4,43.63,TORONTO CITY CENTRE,6158359,2021-07-17 6:00,2021,7,17,6:00,19.4,,18.4,,94,,0.5,,10,,11,,16.1,,100.89,,,,,,Rain
-79.4,43.63,TORONTO CITY CENTRE,6158359,2021-07-17 7:00,2021,7,17,7:00,19.5,,18.5,,94,,0.2,,9,,11,,16.1,,100.9,,,,,,Rain
-79.4,43.63,TORONTO CITY CENTRE,6158359,2021-07-17 8:00,2021,7,17,8:00,19.3,,18.2,,93,,0.2,,10,,11,,16.1,,100.96,,,,,,Rain
-79.4,43.63,TORONTO CITY CENTRE,6158359,2021-07-17 9:00,2021,7,17,9:00,19,,18,,94,,0.2,,8,,21,,16.1,,100.92,,,,,,Rain
-79.4,43.63,TORONTO CITY CENTRE,6158359,2021-07-17 10:00,2021,7,17,10:00,19.4,,18.4,,94,,0.8,,7,,18,,16.1,,100.94,,,,,,Rain
-79.4,43.63,TORONTO CITY CENTRE,6158359,2021-07-17 11:00,2021,7,17,11:00,20,,18.2,,89,,0.2,,5,,17,,16.1,,100.97,,26,,,,Rain
-79.4,43.63,TORONTO CITY CENTRE,6158359,2021-07-17 12:00,2021,7,17,12:00,20.1,,18.1,,88,,0.8,,2,,17,,16.1,,100.92,,26,,,,Rain
-79.4,43.63,TORONTO CITY CENTRE,6158359,2021-07-17 13:00,2021,7,17,13:00,20.3,,17.4,,83,,0.5,,4,,21,,16.1,,100.9,,26,,,,Rain
-79.4,43.63,TORONTO CITY CENTRE,6158359,2021-07-17 14:00,2021,7,17,14:00,20.6,,16.5,,77,,0.2,,5,,24,,16.1,,100.91,,26,,,,NA
-79.4,43.63,TORONTO CITY CENTRE,6158359,2021-07-17 15:00,2021,7,17,15:00,20.1,,16.2,,78,,0,,8,,21,,16.1,,100.88,,25,,,,NA
-79.4,43.63,TORONTO CITY CENTRE,6158359,2021-07-17 16:00,2021,7,17,16:00,21.1,,16.6,,75,,0,,6,,18,,16.1,,100.9,,26,,,,NA
-79.4,43.63,TORONTO CITY CENTRE,6158359,2021-07-17 17:00,2021,7,17,17:00,21.4,,13.9,,62,,0,,3,,18,,16.1,,100.88,,25,,,,NA
-79.4,43.63,TORONTO CITY CENTRE,6158359,2021-07-17 18:00,2021,7,17,18:00,21.5,,15.1,,66,,0,,5,,9,,16.1,,100.85,,26,,,,NA
-79.4,43.63,TORONTO CITY CENTRE,6158359,2021-07-17 19:00,2021,7,17,19:00,21.3,,16.3,,73,,0,,9,,8,,16.1,,100.87,,26,,,,NA
-79.4,43.63,TORONTO CITY CENTRE,6158359,2021-07-17 20:00,2021,7,17,20:00,20.9,,16.6,,76,,0,,8,,8,,16.1,,100.91,,26,,,,NA
-79.4,43.63,TORONTO CITY CENTRE,6158359,2021-07-17 21:00,2021,7,17,21:00,20.7,,16.2,,75,,0,,5,,13,,16.1,,100.93,,25,,,,NA
-79.4,43.63,TORONTO CITY CENTRE,6158359,2021-07-17 22:00,2021,7,17,22:00,21.3,,15.9,,71,,0,,31,,8,,16.1,,100.93,,26,,,,NA
-79.4,43.63,TORONTO CITY CENTRE,6158359,2021-07-17 23:00,2021,7,17,23:00,21.5,,16.3,,72,,0,,32,,11,,16.1,,100.92,,26,,,,NA
-79.4,43.63,TORONTO CITY CENTRE,6158359,2021-07-18 0:00,2021,7,18,0:00,20.2,,17.8,,86,,0,,,M,4,,16.1,,100.9,,26,,,,Rain
-79.4,43.63,TORONTO CITY CENTRE,6158359,2021-07-18 1:00,2021,7,18,1:00,19.7,,18.2,,91,,0,,,,0,,16.1,,100.92,,,,,,NA
-79.4,43.63,TORONTO CITY CENTRE,6158359,2021-07-18 2:00,2021,7,18,2:00,20.3,,18.5,,89,,0,,30,,4,,16.1,,100.89,,27,,,,NA
-79.4,43.63,TORONTO CITY CENTRE,6158359,2021-07-18 3:00,2021,7,18,3:00,20,,16.9,,82,,0,,29,,11,,16.1,,100.89,,25,,,,NA
-79.4,43.63,TORONTO CITY CENTRE,6158359,2021-07-18 4:00,2021,7,18,4:00,19.9,,16.3,,80,,0,,,M,4,,16.1,,100.94,,,,,,NA
-79.4,43.63,TORONTO CITY CENTRE,6158359,2021-07-18 5:00,2021,7,18,5:00,19.6,,16.3,,81,,0,,28,,8,,16.1,,100.98,,,,,,NA
-79.4,43.63,TORONTO CITY CENTRE,6158359,2021-07-18 6:00,2021,7,18,6:00,20.1,,16.4,,79,,0,,,,0,,16.1,,100.99,,25,,,,NA
-79.4,43.63,TORONTO CITY CENTRE,6158359,2021-07-18 7:00,2021,7,18,7:00,20.6,,17.2,,80,,0,,30,,5,,16.1,,101.01,,26,,,,NA
-79.4,43.63,TORONTO CITY CENTRE,6158359,2021-07-18 8:00,2021,7,18,8:00,20.4,,17,,81,,0,,28,,11,,16.1,,101.04,,26,,,,NA
-79.4,43.63,TORONTO CITY CENTRE,6158359,2021-07-18 9:00,2021,7,18,9:00,21.2,,18,,82,,0,,23,,8,,16.1,,101.04,,27,,,,NA
-79.4,43.63,TORONTO CITY CENTRE,6158359,2021-07-18 10:00,2021,7,18,10:00,23.1,,18.9,,77,,0,,20,,8,,16.1,,101.02,,30,,,,NA
-79.4,43.63,TORONTO CITY CENTRE,6158359,2021-07-18 11:00,2021,7,18,11:00,22.8,,19.6,,82,,0,,19,,13,,16.1,,101,,30,,,,NA
-79.4,43.63,TORONTO CITY CENTRE,6158359,2021-07-18 12:00,2021,7,18,12:00,24.5,,19.2,,72,,0,,17,,11,,16.1,,100.98,,31,,,,NA
-79.4,43.63,TORONTO CITY CENTRE,6158359,2021-07-18 13:00,2021,7,18,13:00,24.2,,18.9,,72,,0,,18,,9,,16.1,,100.95,,31,,,,NA
-79.4,43.63,TORONTO CITY CENTRE,6158359,2021-07-18 14:00,2021,7,18,14:00,23.1,,20.3,,84,,0,,22,,8,,16.1,,100.94,,31,,,,NA
-79.4,43.63,TORONTO CITY CENTRE,6158359,2021-07-18 15:00,2021,7,18,15:00,23.4,,19.5,,79,,0,,24,,5,,16.1,,100.91,,31,,,,NA
-79.4,43.63,TORONTO CITY CENTRE,6158359,2021-07-18 16:00,2021,7,18,16:00,23.8,,19.4,,76,,0,,18,,5,,16.1,,100.85,,31,,,,NA
-79.4,43.63,TORONTO CITY CENTRE,6158359,2021-07-18 17:00,2021,7,18,17:00,29.1,,15.4,,43,,0,,33,,18,,16.1,,100.83,,33,,,,NA
-79.4,43.63,TORONTO CITY CENTRE,6158359,2021-07-18 18:00,2021,7,18,18:00,28.4,,14.3,,42,,0,,31,,24,,16.1,,100.82,,32,,,,NA
-79.4,43.63,TORONTO CITY CENTRE,6158359,2021-07-18 19:00,2021,7,18,19:00,27.3,,14.6,,45,,0,,33,,11,,16.1,,100.87,,31,,,,NA
-79.4,43.63,TORONTO CITY CENTRE,6158359,2021-07-18 20:00,2021,7,18,20:00,26.2,,14.8,,49,,0,,31,,11,,16.1,,100.87,,30,,,,NA
-79.4,43.63,TORONTO CITY CENTRE,6158359,2021-07-18 21:00,2021,7,18,21:00,25.2,,14,,49,,0,,32,,11,,16.1,,100.88,,29,,,,NA
-79.4,43.63,TORONTO CITY CENTRE,6158359,2021-07-18 22:00,2021,7,18,22:00,24.5,,16.1,,59,,0,,35,,11,,16.1,,100.87,,29,,,,NA
-79.4,43.63,TORONTO CITY CENTRE,6158359,2021-07-18 23:00,2021,7,18,23:00,23.8,,16.7,,64,,0,,33,,15,,16.1,,100.89,,29,,,,NA
-79.4,43.63,TORONTO CITY CENTRE,6158359,2021-07-19 0:00,2021,7,19,0:00,23,,16.7,,67,,0,,33,,15,,16.1,,100.86,,28,,,,NA
-79.4,43.63,TORONTO CITY CENTRE,6158359,2021-07-19 1:00,2021,7,19,1:00,22.4,,16.3,,68,,0,,32,,17,,16.1,,100.84,,27,,,,NA
-79.4,43.63,TORONTO CITY CENTRE,6158359,2021-07-19 2:00,2021,7,19,2:00,22.2,,16,,68,,0,,33,,17,,16.1,,100.8,,27,,,,NA
-79.4,43.63,TORONTO CITY CENTRE,6158359,2021-07-19 3:00,2021,7,19,3:00,21.9,,15.8,,68,,0,,33,,17,,16.1,,100.8,,26,,,,NA
-79.4,43.63,TORONTO CITY CENTRE,6158359,2021-07-19 4:00,2021,7,19,4:00,22.1,,16,,68,,0,,34,,17,,16.1,,100.79,,27,,,,NA
-79.4,43.63,TORONTO CITY CENTRE,6158359,2021-07-19 5:00,2021,7,19,5:00,21.6,,16.4,,72,,0,,33,,17,,16.1,,100.8,,26,,,,NA
-79.4,43.63,TORONTO CITY CENTRE,6158359,2021-07-19 6:00,2021,7,19,6:00,22,,16.8,,72,,0,,33,,17,,16.1,,100.84,,27,,,,NA
-79.4,43.63,TORONTO CITY CENTRE,6158359,2021-07-19 7:00,2021,7,19,7:00,23,,17.6,,71,,0,,32,,17,,16.1,,100.84,,29,,,,NA
-79.4,43.63,TORONTO CITY CENTRE,6158359,2021-07-19 8:00,2021,7,19,8:00,24.5,,18.5,,69,,0,,33,,17,,16.1,,100.85,,31,,,,NA
-79.4,43.63,TORONTO CITY CENTRE,6158359,2021-07-19 9:00,2021,7,19,9:00,26.3,,19.6,,66,,0,,32,,15,,14.5,,100.85,,34,,,,NA
-79.4,43.63,TORONTO CITY CENTRE,6158359,2021-07-19 10:00,2021,7,19,10:00,26.3,,19.6,,66,,0,,32,,15,,14.5,,100.85,,34,,,,
-79.4,43.63,TORONTO CITY CENTRE,6158359,2021-07-19 11:00,2021,7,19,11:00,26.3,,19.6,,66,,0,,32,,15,,14.5,,100.85,,34,,,,
-79.4,43.63,TORONTO CITY CENTRE,6158359,2021-07-19 12:00,2021,7,19,12:00,26.3,,19.6,,66,,0,,32,,15,,14.5,,100.85,,34,,,,
-79.4,43.63,TORONTO CITY CENTRE,6158359,2021-07-19 13:00,2021,7,19,13:00,26.3,,19.6,,66,,0,,32,,15,,14.5,,100.85,,34,,,,
-79.4,43.63,TORONTO CITY CENTRE,6158359,2021-07-19 14:00,2021,7,19,14:00,25.9,,21.4,,76,,0,,21,,13,,11.3,,100.71,,35,,,,NA
-79.4,43.63,TORONTO CITY CENTRE,6158359,2021-07-19 15:00,2021,7,19,15:00,27.1,,20.4,,66,,0,,23,,13,,9.7,,100.67,,35,,,,Haze
-79.4,43.63,TORONTO CITY CENTRE,6158359,2021-07-19 16:00,2021,7,19,16:00,28.8,,19.3,,56,,0,,30,,18,,6.4,,100.64,,36,,,,Haze
-79.4,43.63,TORONTO CITY CENTRE,6158359,2021-07-19 17:00,2021,7,19,17:00,28.6,,18.9,,55,,0,,32,,15,,8.1,,100.62,,35,,,,Haze
-79.4,43.63,TORONTO CITY CENTRE,6158359,2021-07-19 18:00,2021,7,19,18:00,28.3,,18.9,,56,,0,,32,,13,,8.1,,100.61,,35,,,,Haze
-79.4,43.63,TORONTO CITY CENTRE,6158359,2021-07-19 19:00,2021,7,19,19:00,28,,19.2,,58,,0,,34,,5,,9.7,,100.6,,35,,,,Haze
-79.4,43.63,TORONTO CITY CENTRE,6158359,2021-07-19 20:00,2021,7,19,20:00,27.3,,19,,60,,0,,32,,9,,9.7,,100.62,,34,,,,Haze
-79.4,43.63,TORONTO CITY CENTRE,6158359,2021-07-19 21:00,2021,7,19,21:00,23.6,,20.2,,81,,0,,20,,11,,9.7,,100.66,,31,,,,Haze
-79.4,43.63,TORONTO CITY CENTRE,6158359,2021-07-19 22:00,2021,7,19,22:00,22.4,,20.4,,88,,0,,22,,4,,8.1,,100.67,,30,,,,Fog
-79.4,43.63,TORONTO CITY CENTRE,6158359,2021-07-19 23:00,2021,7,19,23:00,22.2,,19.9,,87,,0,,,M,4,,8.1,,100.66,,30,,,,Fog
-79.4,43.63,TORONTO CITY CENTRE,6158359,2021-07-20 0:00,2021,7,20,0:00,22.5,,19.5,,83,,0,,25,,5,,8.1,,100.61,,30,,,,Haze
-79.4,43.63,TORONTO CITY CENTRE,6158359,2021-07-20 1:00,2021,7,20,1:00,21.9,,19.7,,87,,0,,29,,4,,8.1,,100.59,,29,,,,Fog
-79.4,43.63,TORONTO CITY CENTRE,6158359,2021-07-20 2:00,2021,7,20,2:00,22.4,,19.4,,83,,0,,,M,4,,8.1,,100.53,,29,,,,Haze
-79.4,43.63,TORONTO CITY CENTRE,6158359,2021-07-20 3:00,2021,7,20,3:00,20.5,,19.5,,94,,0,,27,,8,,8.1,,100.5,,28,,,,Fog
-79.4,43.63,TORONTO CITY CENTRE,6158359,2021-07-20 4:00,2021,7,20,4:00,21.2,,18,,82,,0,,28,,9,,9.7,,100.49,,27,,,,Haze
-79.4,43.63,TORONTO CITY CENTRE,6158359,2021-07-20 5:00,2021,7,20,5:00,21,,18.4,,85,,0,,26,,8,,9.7,,100.51,,27,,,,Haze
-79.4,43.63,TORONTO CITY CENTRE,6158359,2021-07-20 6:00,2021,7,20,6:00,20.9,,19.4,,91,,0,,25,,9,,8.1,,100.52,,28,,,,Fog
-79.4,43.63,TORONTO CITY CENTRE,6158359,2021-07-20 7:00,2021,7,20,7:00,21.6,,19.3,,87,,0,,23,,11,,8.1,,100.52,,29,,,,Haze
-79.4,43.63,TORONTO CITY CENTRE,6158359,2021-07-20 8:00,2021,7,20,8:00,22.3,,19.2,,82,,0,,22,,11,,11.3,,100.5,,29,,,,NA
-79.4,43.63,TORONTO CITY CENTRE,6158359,2021-07-20 9:00,2021,7,20,9:00,22.8,,19.9,,83,,0,,20,,13,,8.1,,100.46,,30,,,,Haze
-79.4,43.63,TORONTO CITY CENTRE,6158359,2021-07-20 10:00,2021,7,20,10:00,23.1,,19.6,,80,,0,,22,,17,,9.7,,100.43,,30,,,,Haze
-79.4,43.63,TORONTO CITY CENTRE,6158359,2021-07-20 11:00,2021,7,20,11:00,24,,20.6,,81,,0,,24,,9,,8.1,,100.39,,32,,,,Haze
-79.4,43.63,TORONTO CITY CENTRE,6158359,2021-07-20 12:00,2021,7,20,12:00,24.2,,20.6,M,,M,0,,19,,18,,8.1,,100.31,,,,,,Haze
-79.4,43.63,TORONTO CITY CENTRE,6158359,2021-07-20 13:00,2021,7,20,13:00,24.2,M,20.6,M,,M,0,,19,,18,,8.1,,,M,,,,,Haze
-79.4,43.63,TORONTO CITY CENTRE,6158359,2021-07-20 14:00,2021,7,20,14:00,24.2,M,20.6,M,,M,0,,24,,13,,11.3,,,M,,,,,NA
-79.4,43.63,TORONTO CITY CENTRE,6158359,2021-07-20 15:00,2021,7,20,15:00,24.2,M,20.6,M,,M,0,,27,,30,,9.7,,,M,,,,,Haze
-79.4,43.63,TORONTO CITY CENTRE,6158359,2021-07-20 16:00,2021,7,20,16:00,24.2,M,20.6,M,,M,0,,34,,26,,16.1,,,M,,,,,NA
-79.4,43.63,TORONTO CITY CENTRE,6158359,2021-07-20 17:00,2021,7,20,17:00,24.2,M,20.6,M,,M,0,,34,,18,,16.1,,,M,,,,,NA
-79.4,43.63,TORONTO CITY CENTRE,6158359,2021-07-20 18:00,2021,7,20,18:00,20.9,,20.6,M,,M,1.4,,32,,11,,16.1,,100.32,,,,,,NA
-79.4,43.63,TORONTO CITY CENTRE,6158359,2021-07-20 19:00,2021,7,20,19:00,21.4,,20.6,M,,M,0,,5,,13,,16.1,,100.35,,,,,,Rain
-79.4,43.63,TORONTO CITY CENTRE,6158359,2021-07-20 20:00,2021,7,20,20:00,21.4,,20.6,M,,M,0,,33,,13,,16.1,,100.38,,,,,,NA
-79.4,43.63,TORONTO CITY CENTRE,6158359,2021-07-20 21:00,2021,7,20,21:00,21.2,,20.6,M,,M,0,,32,,9,,16.1,,100.39,,,,,,NA
-79.4,43.63,TORONTO CITY CENTRE,6158359,2021-07-20 22:00,2021,7,20,22:00,20.7,,20.6,M,,M,0,,32,,11,,16.1,,100.45,,,,,,NA
-79.4,43.63,TORONTO CITY CENTRE,6158359,2021-07-20 23:00,2021,7,20,23:00,20.7,,20.6,M,,M,0,,35,,17,,16.1,,100.45,,,,,,NA
-79.4,43.63,TORONTO CITY CENTRE,6158359,2021-07-21 0:00,2021,7,21,0:00,20.5,,20.6,M,,M,0,,2,,15,,16.1,,100.48,,,,,,NA
-79.4,43.63,TORONTO CITY CENTRE,6158359,2021-07-21 1:00,2021,7,21,1:00,19.6,,20.6,M,,M,0,,3,,13,,16.1,,100.51,,,,,,NA
-79.4,43.63,TORONTO CITY CENTRE,6158359,2021-07-21 2:00,2021,7,21,2:00,18.8,,20.6,M,,M,0,,3,,17,,16.1,,100.51,,,,,,NA
-79.4,43.63,TORONTO CITY CENTRE,6158359,2021-07-21 3:00,2021,7,21,3:00,18.1,,20.6,M,,M,0,,35,,11,,16.1,,100.52,,,,,,NA
-79.4,43.63,TORONTO CITY CENTRE,6158359,2021-07-21 4:00,2021,7,21,4:00,17.5,,13.7,,78,,0,,36,,21,,16.1,,100.55,,,,,,NA
-79.4,43.63,TORONTO CITY CENTRE,6158359,2021-07-21 5:00,2021,7,21,5:00,17.1,,13.7,M,,M,0,,36,,15,,16.1,,100.58,,,,,,NA
-79.4,43.63,TORONTO CITY CENTRE,6158359,2021-07-21 6:00,2021,7,21,6:00,17,,13.7,M,,M,0,,34,,15,,16.1,,100.64,,,,,,NA
-79.4,43.63,TORONTO CITY CENTRE,6158359,2021-07-21 7:00,2021,7,21,7:00,18.2,,13.7,M,,M,0,,33,,15,,16.1,,100.67,,,,,,NA
-79.4,43.63,TORONTO CITY CENTRE,6158359,2021-07-21 8:00,2021,7,21,8:00,20,,13.7,M,,M,0,,33,,15,,16.1,,100.72,,,,,,NA
-79.4,43.63,TORONTO CITY CENTRE,6158359,2021-07-21 9:00,2021,7,21,9:00,21.5,,13.7,M,,M,0,,33,,15,,16.1,,100.77,,,,,,NA
-79.4,43.63,TORONTO CITY CENTRE,6158359,2021-07-21 10:00,2021,7,21,10:00,22.2,,13.7,M,,M,0,,35,,21,,16.1,,100.78,,,,,,NA
-79.4,43.63,TORONTO CITY CENTRE,6158359,2021-07-21 11:00,2021,7,21,11:00,22.2,M,13.7,M,,M,0,,34,,13,,16.1,,,M,,,,,NA
-79.4,43.63,TORONTO CITY CENTRE,6158359,2021-07-21 12:00,2021,7,21,12:00,24.2,,13.7,M,,M,0,,35,,15,,16.1,,100.78,,,,,,NA
-79.4,43.63,TORONTO CITY CENTRE,6158359,2021-07-21 13:00,2021,7,21,13:00,24.4,,13.7,M,,M,0,,36,,15,,16.1,,100.79,,,,,,NA
-79.4,43.63,TORONTO CITY CENTRE,6158359,2021-07-21 14:00,2021,7,21,14:00,24.7,,8.9,,36,,0,,36,,21,,16.1,,100.77,,25,,,,NA
-79.4,43.63,TORONTO CITY CENTRE,6158359,2021-07-21 15:00,2021,7,21,15:00,24.7,,9.4,,38,,0,,32,,11,,16.1,,100.78,,26,,,,NA
-79.4,43.63,TORONTO CITY CENTRE,6158359,2021-07-21 16:00,2021,7,21,16:00,25.2,,10.7,,40,,0,,29,,15,,16.1,,100.77,,27,,,,NA
-79.4,43.63,TORONTO CITY CENTRE,6158359,2021-07-21 17:00,2021,7,21,17:00,24.6,,11.5,,43,,0,,32,,15,,16.1,,100.77,,27,,,,NA
-79.4,43.63,TORONTO CITY CENTRE,6158359,2021-07-21 18:00,2021,7,21,18:00,23.8,,12,,47,,0,,32,,18,,16.1,,100.8,,26,,,,NA
-79.4,43.63,TORONTO CITY CENTRE,6158359,2021-07-21 19:00,2021,7,21,19:00,22.3,,11,,48,,0,,32,,15,,16.1,,100.85,,,,,,NA
-79.4,43.63,TORONTO CITY CENTRE,6158359,2021-07-21 20:00,2021,7,21,20:00,21.3,,10.4,,49,,0,,34,,15,,16.1,,100.92,,,,,,NA
-79.4,43.63,TORONTO CITY CENTRE,6158359,2021-07-21 21:00,2021,7,21,21:00,20.5,,10.1,,51,,0,,35,,18,,16.1,,100.99,,,,,,NA
-79.4,43.63,TORONTO CITY CENTRE,6158359,2021-07-21 22:00,2021,7,21,22:00,19.9,,10.4,,54,,0,,34,,11,,16.1,,101.01,,,,,,NA
-79.4,43.63,TORONTO CITY CENTRE,6158359,2021-07-21 23:00,2021,7,21,23:00,19.2,,11.1,,59,,0,,33,,15,,16.1,,101.03,,,,,,NA
-79.4,43.63,TORONTO CITY CENTRE,6158359,2021-07-22 0:00,2021,7,22,0:00,18.6,,11.5,,63,,0,,33,,15,,16.1,,101.06,,,,,,NA
-79.4,43.63,TORONTO CITY CENTRE,6158359,2021-07-22 1:00,2021,7,22,1:00,18.3,,11.9,,66,,0,,33,,17,,16.1,,101.06,,,,,,NA
-79.4,43.63,TORONTO CITY CENTRE,6158359,2021-07-22 2:00,2021,7,22,2:00,18,,12.3,,69,,0,,34,,9,,16.1,,101.06,,,,,,NA
-79.4,43.63,TORONTO CITY CENTRE,6158359,2021-07-22 3:00,2021,7,22,3:00,17.6,,11.9,,69,,0,,33,,11,,16.1,,101.12,,,,,,NA
-79.4,43.63,TORONTO CITY CENTRE,6158359,2021-07-22 4:00,2021,7,22,4:00,17.3,,11.2,,67,,0,,32,,13,,16.1,,101.13,,,,,,NA
-79.4,43.63,TORONTO CITY CENTRE,6158359,2021-07-22 5:00,2021,7,22,5:00,16.9,,10.6,,66,,0,,34,,13,,16.1,,101.17,,,,,,NA
-79.4,43.63,TORONTO CITY CENTRE,6158359,2021-07-22 6:00,2021,7,22,6:00,16.8,,10.5,,66,,0,,33,,15,,16.1,,101.22,,,,,,NA
-79.4,43.63,TORONTO CITY CENTRE,6158359,2021-07-22 7:00,2021,7,22,7:00,18.1,,10.7,,61,,0,,33,,13,,16.1,,101.23,,,,,,NA
-79.4,43.63,TORONTO CITY CENTRE,6158359,2021-07-22 8:00,2021,7,22,8:00,20.2,,11.7,,58,,0,,33,,13,,16.1,,101.26,,,,,,NA
-79.4,43.63,TORONTO CITY CENTRE,6158359,2021-07-22 9:00,2021,7,22,9:00,21.9,,12.3,,54,,0,,28,,8,,16.1,,101.24,,,,,,NA
-79.4,43.63,TORONTO CITY CENTRE,6158359,2021-07-22 10:00,2021,7,22,10:00,22,,14,,60,,0,,20,,17,,16.1,,101.22,,25,,,,NA
-79.4,43.63,TORONTO CITY CENTRE,6158359,2021-07-22 11:00,2021,7,22,11:00,22.1,,15.9,,67,,0,,19,,13,,16.1,,101.24,,27,,,,NA
-79.4,43.63,TORONTO CITY CENTRE,6158359,2021-07-22 12:00,2021,7,22,12:00,22.6,,16.8,,69,,0,,18,,18,,16.1,,101.22,,28,,,,NA
-79.4,43.63,TORONTO CITY CENTRE,6158359,2021-07-22 13:00,2021,7,22,13:00,22,,16.9,,73,,0,,20,,21,,16.1,,101.19,,27,,,,NA
-79.4,43.63,TORONTO CITY CENTRE,6158359,2021-07-22 14:00,2021,7,22,14:00,22.5,,16.4,,68,,0,,20,,13,,16.1,,101.18,,27,,,,NA
-79.4,43.63,TORONTO CITY CENTRE,6158359,2021-07-22 15:00,2021,7,22,15:00,23.3,,14.4,,57,,0,,19,,17,,16.1,,101.16,,27,,,,NA
-79.4,43.63,TORONTO CITY CENTRE,6158359,2021-07-22 16:00,2021,7,22,16:00,22.4,,15.5,,65,,0,,21,,15,,16.1,,101.14,,27,,,,NA
-79.4,43.63,TORONTO CITY CENTRE,6158359,2021-07-22 17:00,2021,7,22,17:00,23.8,,13.5,,52,,0,,,M,13,,16.1,,101.13,,27,,,,NA
-79.4,43.63,TORONTO CITY CENTRE,6158359,2021-07-22 18:00,2021,7,22,18:00,24.5,,9.5,,38,,0,,35,,9,,16.1,,101.15,,26,,,,NA
-79.4,43.63,TORONTO CITY CENTRE,6158359,2021-07-22 19:00,2021,7,22,19:00,24.3,,8,,35,,0,,35,,9,,16.1,,101.17,,25,,,,NA
-79.4,43.63,TORONTO CITY CENTRE,6158359,2021-07-22 20:00,2021,7,22,20:00,23.5,,10.4,,43,,0,,35,,11,,16.1,,101.19,,25,,,,NA
-79.4,43.63,TORONTO CITY CENTRE,6158359,2021-07-22 21:00,2021,7,22,21:00,22.7,,9.6,,43,,0,,35,,9,,16.1,,101.24,,,,,,NA
-79.4,43.63,TORONTO CITY CENTRE,6158359,2021-07-22 22:00,2021,7,22,22:00,22.4,,9.4,,43,,0,,35,,8,,16.1,,101.25,,,,,,NA
-79.4,43.63,TORONTO CITY CENTRE,6158359,2021-07-22 23:00,2021,7,22,23:00,21.2,,9.7,,47,,0,,34,,11,,16.1,,101.25,,,,,,NA
-79.4,43.63,TORONTO CITY CENTRE,6158359,2021-07-23 0:00,2021,7,23,0:00,20.2,,10.4,,53,,0,,32,,11,,16.1,,101.26,,,,,,NA
-79.4,43.63,TORONTO CITY CENTRE,6158359,2021-07-23 1:00,2021,7,23,1:00,19.8,,11.4,,58,,0,,32,,8,,16.1,,101.25,,,,,,NA
-79.4,43.63,TORONTO CITY CENTRE,6158359,2021-07-23 2:00,2021,7,23,2:00,19.1,,12.7,,66,,0,,32,,13,,16.1,,101.26,,,,,,NA
-79.4,43.63,TORONTO CITY CENTRE,6158359,2021-07-23 3:00,2021,7,23,3:00,18.5,,12.6,,68,,0,,34,,8,,16.1,,101.26,,,,,,NA
-79.4,43.63,TORONTO CITY CENTRE,6158359,2021-07-23 4:00,2021,7,23,4:00,18.2,,12.1,,67,,0,,32,,9,,16.1,,101.28,,,,,,NA
-79.4,43.63,TORONTO CITY CENTRE,6158359,2021-07-23 5:00,2021,7,23,5:00,16.1,,11.7,,75,,0,,32,,5,,16.1,,101.3,,,,,,NA
-79.4,43.63,TORONTO CITY CENTRE,6158359,2021-07-23 6:00,2021,7,23,6:00,17.7,,11.8,,68,,0,,30,,4,,16.1,,101.34,,,,,,NA
-79.4,43.63,TORONTO CITY CENTRE,6158359,2021-07-23 7:00,2021,7,23,7:00,19.4,,13.1,,67,,0,,,M,4,,16.1,,101.35,,,,,,NA
-79.4,43.63,TORONTO CITY CENTRE,6158359,2021-07-23 8:00,2021,7,23,8:00,19.9,,13.9,,68,,0,,21,,8,,16.1,,101.37,,,,,,NA
-79.4,43.63,TORONTO CITY CENTRE,6158359,2021-07-23 9:00,2021,7,23,9:00,20.5,,13.9,,65,,0,,21,,9,,16.1,,101.37,,,,,,NA
-79.4,43.63,TORONTO CITY CENTRE,6158359,2021-07-23 10:00,2021,7,23,10:00,21.5,,13.7,,61,,0,,18,,11,,16.1,,101.33,,25,,,,NA
-79.4,43.63,TORONTO CITY CENTRE,6158359,2021-07-23 11:00,2021,7,23,11:00,21.8,,14.6,,63,,0,,16,,15,,16.1,,101.32,,26,,,,NA
-79.4,43.63,TORONTO CITY CENTRE,6158359,2021-07-23 12:00,2021,7,23,12:00,22.4,,15.3,,64,,0,,18,,17,,16.1,,101.28,,27,,,,NA
-79.4,43.63,TORONTO CITY CENTRE,6158359,2021-07-23 13:00,2021,7,23,13:00,22.7,,14.7,,60,,0,,18,,17,,16.1,,101.25,,26,,,,NA
-79.4,43.63,TORONTO CITY CENTRE,6158359,2021-07-23 14:00,2021,7,23,14:00,23.5,,13.5,,53,,0,,16,,11,,16.1,,101.21,,27,,,,NA
-79.4,43.63,TORONTO CITY CENTRE,6158359,2021-07-23 15:00,2021,7,23,15:00,23.9,,13.7,,52,,0,,13,,15,,16.1,,101.16,,27,,,,NA
-79.4,43.63,TORONTO CITY CENTRE,6158359,2021-07-23 16:00,2021,7,23,16:00,24.3,,15.4,,57,,0,,12,,13,,16.1,,101.11,,29,,,,NA
-79.4,43.63,TORONTO CITY CENTRE,6158359,2021-07-23 17:00,2021,7,23,17:00,24.3,,14.9,,55,,0,,12,,15,,16.1,,101.05,,28,,,,NA
-79.4,43.63,TORONTO CITY CENTRE,6158359,2021-07-23 18:00,2021,7,23,18:00,23.8,,14.7,,56,,0,,13,,13,,16.1,,101.01,,28,,,,NA
-79.4,43.63,TORONTO CITY CENTRE,6158359,2021-07-23 19:00,2021,7,23,19:00,22.7,,15.2,,62,,0,,14,,9,,16.1,,101,,27,,,,NA
-79.4,43.63,TORONTO CITY CENTRE,6158359,2021-07-23 20:00,2021,7,23,20:00,21.9,,16.5,,71,,0,,13,,9,,16.1,,100.98,,27,,,,NA
-79.4,43.63,TORONTO CITY CENTRE,6158359,2021-07-23 21:00,2021,7,23,21:00,21.6,,17.1,,75,,0,,14,,8,,16.1,,101.02,,27,,,,NA
-79.4,43.63,TORONTO CITY CENTRE,6158359,2021-07-23 22:00,2021,7,23,22:00,20.9,,18.5,,86,,0,,22,,8,,16.1,,101.03,,27,,,,NA
-79.4,43.63,TORONTO CITY CENTRE,6158359,2021-07-23 23:00,2021,7,23,23:00,20.7,,17.6,,82,,0,,22,,5,,16.1,,101.03,,26,,,,NA
-79.4,43.63,TORONTO CITY CENTRE,6158359,2021-07-24 0:00,2021,7,24,0:00,21.1,,17.6,,80,,0,,26,,4,,16.1,,100.99,,27,,,,NA
-79.4,43.63,TORONTO CITY CENTRE,6158359,2021-07-24 1:00,2021,7,24,1:00,18.9,,17.4,,91,,0,,,,0,,16.1,,100.96,,,,,,NA
-79.4,43.63,TORONTO CITY CENTRE,6158359,2021-07-24 2:00,2021,7,24,2:00,19.5,,17.1,,86,,0,,8,,8,,16.1,,100.95,,,,,,NA
-79.4,43.63,TORONTO CITY CENTRE,6158359,2021-07-24 3:00,2021,7,24,3:00,19.1,,17.5,,90,,0,,8,,5,,16.1,,100.92,,,,,,NA
-79.4,43.63,TORONTO CITY CENTRE,6158359,2021-07-24 4:00,2021,7,24,4:00,19.3,,17.3,,88,,0,,7,,9,,16.1,,100.86,,,,,,NA
-79.4,43.63,TORONTO CITY CENTRE,6158359,2021-07-24 5:00,2021,7,24,5:00,19.6,,17.6,,88,,0,,7,,9,,16.1,,100.81,,,,,,NA
-79.4,43.63,TORONTO CITY CENTRE,6158359,2021-07-24 6:00,2021,7,24,6:00,19.6,,17.9,,90,,0,,7,,13,,16.1,,100.79,,,,,,NA
-79.4,43.63,TORONTO CITY CENTRE,6158359,2021-07-24 7:00,2021,7,24,7:00,19.9,,18.6,,92,,0,,7,,11,,16.1,,100.75,,,,,,NA
-79.4,43.63,TORONTO CITY CENTRE,6158359,2021-07-24 8:00,2021,7,24,8:00,21.8,,17.4,,76,,0,,17,,9,,16.1,,100.75,,27,,,,NA
-79.4,43.63,TORONTO CITY CENTRE,6158359,2021-07-24 9:00,2021,7,24,9:00,21.8,,18,,79,,0,,17,,8,,16.1,,100.73,,28,,,,NA
-79.4,43.63,TORONTO CITY CENTRE,6158359,2021-07-24 10:00,2021,7,24,10:00,22.8,,18,,74,,0,,14,,9,,16.1,,100.69,,29,,,,NA
-79.4,43.63,TORONTO CITY CENTRE,6158359,2021-07-24 11:00,2021,7,24,11:00,22.3,,17.9,,76,,0,,12,,11,,16.1,,100.65,,28,,,,NA
-79.4,43.63,TORONTO CITY CENTRE,6158359,2021-07-24 12:00,2021,7,24,12:00,22,,18.7,,81,,0,,8,,8,,16.1,,100.63,,29,,,,NA
-79.4,43.63,TORONTO CITY CENTRE,6158359,2021-07-24 13:00,2021,7,24,13:00,21.7,,19.8,,89,,0,,9,,11,,16.1,,100.53,,29,,,,Rain
-79.4,43.63,TORONTO CITY CENTRE,6158359,2021-07-24 14:00,2021,7,24,14:00,23.2,,18.9,,77,,0,,15,,11,,16.1,,100.45,,30,,,,NA
-79.4,43.63,TORONTO CITY CENTRE,6158359,2021-07-24 15:00,2021,7,24,15:00,21.2,,19.5,,90,,2.3,,14,,9,,12.9,,100.36,,28,,,,Rain
-79.4,43.63,TORONTO CITY CENTRE,6158359,2021-07-24 16:00,2021,7,24,16:00,21.4,,20.4,,94,,0.2,,18,,13,,16.1,,100.26,,29,,,,NA
-79.4,43.63,TORONTO CITY CENTRE,6158359,2021-07-24 17:00,2021,7,24,17:00,21.9,,20.4,,91,,0,,16,,9,,16.1,,100.15,,30,,,,NA
-79.4,43.63,TORONTO CITY CENTRE,6158359,2021-07-24 18:00,2021,7,24,18:00,22,,20.8,,93,,0,,18,,13,,16.1,,100.08,,30,,,,NA
-79.4,43.63,TORONTO CITY CENTRE,6158359,2021-07-24 19:00,2021,7,24,19:00,22,,20.5,,91,,0.8,,20,,18,,16.1,,99.95,,30,,,,Rain
-79.4,43.63,TORONTO CITY CENTRE,6158359,2021-07-24 20:00,2021,7,24,20:00,22.1,,20.4,,90,,0,,20,,17,,16.1,,99.83,,30,,,,NA
-79.4,43.63,TORONTO CITY CENTRE,6158359,2021-07-24 21:00,2021,7,24,21:00,22,,20.3,,90,,0,,22,,17,,16.1,,99.9,,30,,,,Rain
-79.4,43.63,TORONTO CITY CENTRE,6158359,2021-07-24 22:00,2021,7,24,22:00,22,,20.3,,90,,0.5,,23,,21,,14.5,,99.82,,30,,,,Rain
-79.4,43.63,TORONTO CITY CENTRE,6158359,2021-07-24 23:00,2021,7,24,23:00,21.2,,20.8,,97,,13.9,,24,,17,,4,,99.83,,29,,,,"Heavy Rain,Fog"
-79.4,43.63,TORONTO CITY CENTRE,6158359,2021-07-25 0:00,2021,7,25,0:00,21.4,,20.6,,95,,1,,25,,17,,16.1,,99.79,,29,,,,NA
-79.4,43.63,TORONTO CITY CENTRE,6158359,2021-07-25 1:00,2021,7,25,1:00,21.3,,20.7,,96,,0,,24,,18,,16.1,,99.86,,29,,,,NA
-79.4,43.63,TORONTO CITY CENTRE,6158359,2021-07-25 2:00,2021,7,25,2:00,21.1,,19.7,,91,,0,,28,,15,,16.1,,99.91,,28,,,,NA
-79.4,43.63,TORONTO CITY CENTRE,6158359,2021-07-25 3:00,2021,7,25,3:00,20.3,,18.6,,90,,0,,28,,13,,16.1,,99.92,,27,,,,NA
-79.4,43.63,TORONTO CITY CENTRE,6158359,2021-07-25 4:00,2021,7,25,4:00,19.2,,18.1,,93,,0,,28,,8,,16.1,,99.92,,,,,,NA
-79.4,43.63,TORONTO CITY CENTRE,6158359,2021-07-25 5:00,2021,7,25,5:00,19,,18,,94,,0,,26,,8,,16.1,,99.99,,,,,,NA
-79.4,43.63,TORONTO CITY CENTRE,6158359,2021-07-25 6:00,2021,7,25,6:00,19.8,,18.7,,93,,0,,27,,9,,16.1,,100.06,,,,,,NA
-79.4,43.63,TORONTO CITY CENTRE,6158359,2021-07-25 7:00,2021,7,25,7:00,20.9,,19.4,,91,,0,,21,,15,,16.1,,100.09,,28,,,,NA
-79.4,43.63,TORONTO CITY CENTRE,6158359,2021-07-25 8:00,2021,7,25,8:00,21.4,,20.1,,92,,0,,22,,21,,16.1,,100.15,,29,,,,NA
-79.4,43.63,TORONTO CITY CENTRE,6158359,2021-07-25 9:00,2021,7,25,9:00,22,,20.7,,92,,0,,23,,17,,16.1,,100.13,,30,,,,NA
-79.4,43.63,TORONTO CITY CENTRE,6158359,2021-07-25 10:00,2021,7,25,10:00,22.5,,20.7,,90,,0,,21,,17,,16.1,,100.15,,31,,,,NA
-79.4,43.63,TORONTO CITY CENTRE,6158359,2021-07-25 11:00,2021,7,25,11:00,23.8,,21.2,,85,,0,,19,,15,,16.1,,100.16,,32,,,,NA
-79.4,43.63,TORONTO CITY CENTRE,6158359,2021-07-25 12:00,2021,7,25,12:00,24.4,,21.5,,84,,0,,18,,15,,16.1,,100.12,,33,,,,NA
-79.4,43.63,TORONTO CITY CENTRE,6158359,2021-07-25 13:00,2021,7,25,13:00,25.3,,21.8,,81,,0,,19,,18,,16.1,,100.09,,34,,,,NA
-79.4,43.63,TORONTO CITY CENTRE,6158359,2021-07-25 14:00,2021,7,25,14:00,26.3,,20.8,,72,,0,,20,,24,,12.9,,100.06,,35,,,,NA
-79.4,43.63,TORONTO CITY CENTRE,6158359,2021-07-25 15:00,2021,7,25,15:00,26.2,,20.7,,71,,0,,22,,22,,11.3,,100.05,,34,,,,NA
-79.4,43.63,TORONTO CITY CENTRE,6158359,2021-07-25 16:00,2021,7,25,16:00,25.8,,19.9,,70,,0,,21,,17,,16.1,,100.03,,33,,,,NA
-79.4,43.63,TORONTO CITY CENTRE,6158359,2021-07-25 17:00,2021,7,25,17:00,28.6,,17.4,,50,,0,,26,,22,,14.5,,100.02,,34,,,,NA
-79.4,43.63,TORONTO CITY CENTRE,6158359,2021-07-25 18:00,2021,7,25,18:00,28.6,,14.9,,43,,0,,26,,18,,16.1,,100.03,,33,,,,NA
-79.4,43.63,TORONTO CITY CENTRE,6158359,2021-07-25 19:00,2021,7,25,19:00,28.2,,14.7,,43,,0,,30,,28,,16.1,,100.08,,32,,,,NA
-79.4,43.63,TORONTO CITY CENTRE,6158359,2021-07-25 20:00,2021,7,25,20:00,25.8,,13.7,,47,,0,,30,,13,,12.9,,100.16,,29,,,,NA
-79.4,43.63,TORONTO CITY CENTRE,6158359,2021-07-25 21:00,2021,7,25,21:00,25.3,,14,,49,,0,,29,,9,,9.7,,100.22,,29,,,,Haze
-79.4,43.63,TORONTO CITY CENTRE,6158359,2021-07-25 22:00,2021,7,25,22:00,24,,14.9,,56,,0,,28,,15,,9.7,,100.26,,28,,,,Haze
-79.4,43.63,TORONTO CITY CENTRE,6158359,2021-07-25 23:00,2021,7,25,23:00,22,,15.3,,66,,0,,29,,5,,9.7,,100.29,,26,,,,Haze
-79.4,43.63,TORONTO CITY CENTRE,6158359,2021-07-26 0:00,2021,7,26,0:00,23.4,,14.6,,57,,0,,31,,8,,9.7,,100.32,,27,,,,Haze
-79.4,43.63,TORONTO CITY CENTRE,6158359,2021-07-26 1:00,2021,7,26,1:00,21.1,,15.1,,68,,0,,31,,5,,9.7,,100.33,,25,,,,Haze
-79.4,43.63,TORONTO CITY CENTRE,6158359,2021-07-26 2:00,2021,7,26,2:00,22.5,,14.7,,61,,0,,33,,9,,9.7,,100.31,,26,,,,Haze
-79.4,43.63,TORONTO CITY CENTRE,6158359,2021-07-26 3:00,2021,7,26,3:00,20.2,,15.9,,76,,0,,24,,5,,11.3,,100.31,,25,,,,NA
-79.4,43.63,TORONTO CITY CENTRE,6158359,2021-07-26 4:00,2021,7,26,4:00,19.4,,16.8,,85,,0,,24,,13,,9.7,,100.32,,,,,,Fog
-79.4,43.63,TORONTO CITY CENTRE,6158359,2021-07-26 5:00,2021,7,26,5:00,19.7,,15.5,,76,,0,,30,,8,,9.7,,100.35,,,,,,Haze
-79.4,43.63,TORONTO CITY CENTRE,6158359,2021-07-26 6:00,2021,7,26,6:00,21,,14.8,,67,,0,,32,,9,,9.7,,100.37,,25,,,,Haze
-79.4,43.63,TORONTO CITY CENTRE,6158359,2021-07-26 7:00,2021,7,26,7:00,22.9,,15.7,,64,,0,,30,,13,,11.3,,100.4,,27,,,,NA
-79.4,43.63,TORONTO CITY CENTRE,6158359,2021-07-26 8:00,2021,7,26,8:00,24.8,,18.4,,67,,0,,23,,8,,14.5,,100.44,,31,,,,NA
-79.4,43.63,TORONTO CITY CENTRE,6158359,2021-07-26 9:00,2021,7,26,9:00,23.9,,18.4,,71,,0,,20,,13,,12.9,,100.43,,30,,,,NA
-79.4,43.63,TORONTO CITY CENTRE,6158359,2021-07-26 10:00,2021,7,26,10:00,25.6,,17.5,,60,,0,,19,,8,,12.9,,100.41,,31,,,,NA
-79.4,43.63,TORONTO CITY CENTRE,6158359,2021-07-26 11:00,2021,7,26,11:00,25.5,,17.4,,60,,0,,18,,13,,12.9,,100.39,,31,,,,NA
-79.4,43.63,TORONTO CITY CENTRE,6158359,2021-07-26 12:00,2021,7,26,12:00,25.5,,18.7,,65,,0,,17,,15,,14.5,,100.37,,32,,,,NA
-79.4,43.63,TORONTO CITY CENTRE,6158359,2021-07-26 13:00,2021,7,26,13:00,27.5,,18.2,,56,,0,,16,,15,,16.1,,100.35,,34,,,,NA
-79.4,43.63,TORONTO CITY CENTRE,6158359,2021-07-26 14:00,2021,7,26,14:00,26.1,,19.4,,66,,0,,18,,17,,16.1,,100.32,,33,,,,NA
-79.4,43.63,TORONTO CITY CENTRE,6158359,2021-07-26 15:00,2021,7,26,15:00,25.9,,20.8,,73,,0,,18,,17,,16.1,,100.32,,34,,,,NA
-79.4,43.63,TORONTO CITY CENTRE,6158359,2021-07-26 16:00,2021,7,26,16:00,26.6,,19.9,,66,,0,,18,,11,,16.1,,100.33,,34,,,,NA
-79.4,43.63,TORONTO CITY CENTRE,6158359,2021-07-26 17:00,2021,7,26,17:00,24.9,,20.4,,76,,0,,18,,15,,16.1,,100.32,,33,,,,NA
-79.4,43.63,TORONTO CITY CENTRE,6158359,2021-07-26 18:00,2021,7,26,18:00,26.9,,20.1,,66,,0,,,,0,,16.1,,100.29,,35,,,,NA
-79.4,43.63,TORONTO CITY CENTRE,6158359,2021-07-26 19:00,2021,7,26,19:00,25.9,,19.4,,67,,0,,4,,8,,16.1,,100.31,,33,,,,NA
-79.4,43.63,TORONTO CITY CENTRE,6158359,2021-07-26 20:00,2021,7,26,20:00,28.1,,14.1,,42,,0,,30,,15,,16.1,,100.35,,32,,,,NA
-79.4,43.63,TORONTO CITY CENTRE,6158359,2021-07-26 21:00,2021,7,26,21:00,27.2,,14.2,,44,,0,,31,,5,,16.1,,100.43,,31,,,,NA
-79.4,43.63,TORONTO CITY CENTRE,6158359,2021-07-26 22:00,2021,7,26,22:00,25.9,,15.5,,52,,0,,34,,5,,16.1,,100.44,,30,,,,NA
-79.4,43.63,TORONTO CITY CENTRE,6158359,2021-07-26 23:00,2021,7,26,23:00,22.4,,16.5,,69,,0,,28,,4,,16.1,,100.49,,27,,,,NA
-79.4,43.63,TORONTO CITY CENTRE,6158359,2021-07-27 0:00,2021,7,27,0:00,21.2,,16.7,,75,,0,,,,0,,16.1,,100.48,,26,,,,NA
-79.4,43.63,TORONTO CITY CENTRE,6158359,2021-07-27 1:00,2021,7,27,1:00,21,,16.9,,77,,0,,26,,5,,16.1,,100.49,,26,,,,NA
-79.4,43.63,TORONTO CITY CENTRE,6158359,2021-07-27 2:00,2021,7,27,2:00,20,,18,,88,,0,,,,0,,16.1,,100.5,,26,,,,NA
-79.4,43.63,TORONTO CITY CENTRE,6158359,2021-07-27 3:00,2021,7,27,3:00,20.1,,17,,82,,0,,28,,5,,16.1,,100.5,,25,,,,NA
-79.4,43.63,TORONTO CITY CENTRE,6158359,2021-07-27 4:00,2021,7,27,4:00,20.2,,16.3,,78,,0,,29,,4,,16.1,,100.45,,25,,,,NA
-79.4,43.63,TORONTO CITY CENTRE,6158359,2021-07-27 5:00,2021,7,27,5:00,19.2,,17.7,,91,,0,,25,,4,,16.1,,100.45,,,,,,NA
-79.4,43.63,TORONTO CITY CENTRE,6158359,2021-07-27 6:00,2021,7,27,6:00,20.1,,17.5,,85,,0,,26,,4,,16.1,,100.4,,26,,,,NA
-79.4,43.63,TORONTO CITY CENTRE,6158359,2021-07-27 7:00,2021,7,27,7:00,21.1,,18.3,,84,,0,,21,,8,,16.1,,100.41,,27,,,,NA
-79.4,43.63,TORONTO CITY CENTRE,6158359,2021-07-27 8:00,2021,7,27,8:00,21.6,,18.5,,82,,0,,28,,13,,16.1,,100.49,,28,,,,Rain
-79.4,43.63,TORONTO CITY CENTRE,6158359,2021-07-27 9:00,2021,7,27,9:00,20.5,,17.9,,85,,1.2,,32,,18,,16.1,,100.57,,26,,,,Rain
-79.4,43.63,TORONTO CITY CENTRE,6158359,2021-07-27 10:00,2021,7,27,10:00,21.6,,17.5,,77,,0.2,,6,,17,,16.1,,100.37,,27,,,,NA
-79.4,43.63,TORONTO CITY CENTRE,6158359,2021-07-27 11:00,2021,7,27,11:00,20,,18.3,,90,,1.2,,13,,9,,16.1,,100.43,,26,,,,NA
-79.4,43.63,TORONTO CITY CENTRE,6158359,2021-07-27 12:00,2021,7,27,12:00,20.7,,17,,79,,0,,,M,4,,12.9,,100.52,,26,,,,NA
-79.4,43.63,TORONTO CITY CENTRE,6158359,2021-07-27 13:00,2021,7,27,13:00,22,,17.6,,76,,0,,,M,4,,16.1,,100.53,,28,,,,NA
-79.4,43.63,TORONTO CITY CENTRE,6158359,2021-07-27 14:00,2021,7,27,14:00,23.6,,18.1,,71,,0,,17,,8,,16.1,,100.48,,30,,,,NA
-79.4,43.63,TORONTO CITY CENTRE,6158359,2021-07-27 15:00,2021,7,27,15:00,21.7,,19.7,,88,,2.5,,14,,5,,16.1,,100.5,,29,,,,NA
-79.4,43.63,TORONTO CITY CENTRE,6158359,2021-07-27 16:00,2021,7,27,16:00,20.9,,19.3,,90,,1.8,,10,,5,,8.1,,100.5,,28,,,,"Rain,Fog"
-79.4,43.63,TORONTO CITY CENTRE,6158359,2021-07-27 17:00,2021,7,27,17:00,22.4,,20.4,,88,,0,,11,,5,,12.9,,100.5,,30,,,,NA
-79.4,43.63,TORONTO CITY CENTRE,6158359,2021-07-27 18:00,2021,7,27,18:00,21.6,,19.6,,88,,0,,18,,8,,12.9,,100.51,,29,,,,NA
-79.4,43.63,TORONTO CITY CENTRE,6158359,2021-07-27 19:00,2021,7,27,19:00,21.7,,20,,90,,0,,,,0,,12.9,,100.53,,29,,,,NA
-79.4,43.63,TORONTO CITY CENTRE,6158359,2021-07-27 20:00,2021,7,27,20:00,21.3,,20.1,,93,,0,,,,0,,12.9,,100.58,,29,,,,NA
-79.4,43.63,TORONTO CITY CENTRE,6158359,2021-07-27 21:00,2021,7,27,21:00,20.4,,19.9,,97,,0,,,M,4,,6.4,,100.62,,28,,,,Fog
-79.4,43.63,TORONTO CITY CENTRE,6158359,2021-07-27 22:00,2021,7,27,22:00,21.7,,17.9,,79,,0,,34,,8,,16.1,,100.65,,28,,,,NA
-79.4,43.63,TORONTO CITY CENTRE,6158359,2021-07-27 23:00,2021,7,27,23:00,21,,17.6,,80,,0,,33,,8,,16.1,,100.69,,27,,,,NA
-79.4,43.63,TORONTO CITY CENTRE,6158359,2021-07-28 0:00,2021,7,28,0:00,20.6,,17.2,,81,,0,,33,,5,,16.1,,100.7,,26,,,,NA
-79.4,43.63,TORONTO CITY CENTRE,6158359,2021-07-28 1:00,2021,7,28,1:00,20.4,,17.5,,83,,0,,2,,17,,16.1,,100.72,,26,,,,NA
-79.4,43.63,TORONTO CITY CENTRE,6158359,2021-07-28 2:00,2021,7,28,2:00,19.8,,18,,89,,0,,5,,21,,16.1,,100.72,,,,,,NA
-79.4,43.63,TORONTO CITY CENTRE,6158359,2021-07-28 3:00,2021,7,28,3:00,19.7,,18.7,,94,,0,,6,,18,,16.1,,100.75,,,,,,NA
-79.4,43.63,TORONTO CITY CENTRE,6158359,2021-07-28 4:00,2021,7,28,4:00,19.6,,18.5,,93,,0,,8,,13,,16.1,,100.8,,,,,,NA
-79.4,43.63,TORONTO CITY CENTRE,6158359,2021-07-28 5:00,2021,7,28,5:00,19.3,,18.2,,93,,0,,6,,15,,16.1,,100.85,,,,,,NA
-79.4,43.63,TORONTO CITY CENTRE,6158359,2021-07-28 6:00,2021,7,28,6:00,19.2,,17.8,,92,,0,,6,,15,,16.1,,100.9,,,,,,NA
-79.4,43.63,TORONTO CITY CENTRE,6158359,2021-07-28 7:00,2021,7,28,7:00,19.8,,18.1,,90,,0,,7,,9,,16.1,,100.94,,,,,,NA
-79.4,43.63,TORONTO CITY CENTRE,6158359,2021-07-28 8:00,2021,7,28,8:00,20.1,,18.3,,89,,0,,7,,15,,16.1,,100.97,,26,,,,NA
-79.4,43.63,TORONTO CITY CENTRE,6158359,2021-07-28 9:00,2021,7,28,9:00,21.2,,18.5,,84,,0,,8,,15,,14.5,,100.98,,28,,,,NA
-79.4,43.63,TORONTO CITY CENTRE,6158359,2021-07-28 10:00,2021,7,28,10:00,21.6,,18.1,,80,,0,,8,,15,,16.1,,100.97,,28,,,,NA
-79.4,43.63,TORONTO CITY CENTRE,6158359,2021-07-28 11:00,2021,7,28,11:00,21.7,,18.3,,81,,0,,8,,17,,8.1,,100.92,,28,,,,Haze
-79.4,43.63,TORONTO CITY CENTRE,6158359,2021-07-28 12:00,2021,7,28,12:00,21.9,,17.3,,75,,0,,9,,15,,16.1,,100.93,,27,,,,NA
-79.4,43.63,TORONTO CITY CENTRE,6158359,2021-07-28 13:00,2021,7,28,13:00,22.4,,18.3,,77,,0,,14,,15,,16.1,,100.9,,29,,,,NA
-79.4,43.63,TORONTO CITY CENTRE,6158359,2021-07-28 14:00,2021,7,28,14:00,22.4,,17.6,,74,,0,,13,,11,,16.1,,100.9,,28,,,,NA
-79.4,43.63,TORONTO CITY CENTRE,6158359,2021-07-28 15:00,2021,7,28,15:00,22.6,,17.6,,73,,0,,12,,15,,16.1,,100.85,,28,,,,NA
-79.4,43.63,TORONTO CITY CENTRE,6158359,2021-07-28 16:00,2021,7,28,16:00,21.9,,17.4,,75,,0,,9,,13,,16.1,,100.8,,27,,,,NA
-79.4,43.63,TORONTO CITY CENTRE,6158359,2021-07-28 17:00,2021,7,28,17:00,22.5,,17.2,,72,,0,,10,,15,,16.1,,100.76,,28,,,,NA
-79.4,43.63,TORONTO CITY CENTRE,6158359,2021-07-28 18:00,2021,7,28,18:00,22.3,,16.2,,68,,0,,9,,13,,16.1,,100.72,,27,,,,NA
-79.4,43.63,TORONTO CITY CENTRE,6158359,2021-07-28 19:00,2021,7,28,19:00,21.7,,15.9,,69,,0,,10,,5,,16.1,,100.75,,26,,,,NA
-79.4,43.63,TORONTO CITY CENTRE,6158359,2021-07-28 20:00,2021,7,28,20:00,20.8,,16.7,,77,,0,,7,,8,,16.1,,100.71,,26,,,,NA
-79.4,43.63,TORONTO CITY CENTRE,6158359,2021-07-28 21:00,2021,7,28,21:00,20.6,,16.2,,76,,0,,8,,8,,16.1,,100.7,,25,,,,NA
-79.4,43.63,TORONTO CITY CENTRE,6158359,2021-07-28 22:00,2021,7,28,22:00,20.7,,17,,79,,0,,7,,8,,16.1,,100.65,,26,,,,NA
-79.4,43.63,TORONTO CITY CENTRE,6158359,2021-07-28 23:00,2021,7,28,23:00,20.4,,17.5,,83,,0,,8,,9,,16.1,,100.63,,26,,,,NA
-79.4,43.63,TORONTO CITY CENTRE,6158359,2021-07-29 0:00,2021,7,29,0:00,20.1,,17.2,,83,,0,,7,,8,,16.1,,100.54,,26,,,,NA
-79.4,43.63,TORONTO CITY CENTRE,6158359,2021-07-29 1:00,2021,7,29,1:00,20.7,,17.8,,83,,0,,4,,5,,16.1,,100.47,,27,,,,NA
-79.4,43.63,TORONTO CITY CENTRE,6158359,2021-07-29 2:00,2021,7,29,2:00,19.5,,17.5,,88,,0,,12,,4,,16.1,,100.42,,,,,,NA
-79.4,43.63,TORONTO CITY CENTRE,6158359,2021-07-29 3:00,2021,7,29,3:00,19.6,,18.1,,91,,0,,11,,4,,16.1,,100.43,,,,,,NA
-79.4,43.63,TORONTO CITY CENTRE,6158359,2021-07-29 4:00,2021,7,29,4:00,20.2,,18.4,,89,,0,,9,,5,,16.1,,100.34,,27,,,,NA
-79.4,43.63,TORONTO CITY CENTRE,6158359,2021-07-29 5:00,2021,7,29,5:00,20.1,,18.4,,90,,0,,7,,13,,16.1,,100.21,,26,,,,NA
-79.4,43.63,TORONTO CITY CENTRE,6158359,2021-07-29 6:00,2021,7,29,6:00,20.9,,18.7,,87,,0,,9,,8,,16.1,,100.14,,27,,,,NA
-79.4,43.63,TORONTO CITY CENTRE,6158359,2021-07-29 7:00,2021,7,29,7:00,20.6,,18.9,,90,,0.5,,9,,8,,16.1,,100.12,,27,,,,Rain
-79.4,43.63,TORONTO CITY CENTRE,6158359,2021-07-29 8:00,2021,7,29,8:00,20.4,,19.6,,95,,6.8,,18,,9,,6.4,,100.08,,28,,,,"Moderate Rain,Fog"
-79.4,43.63,TORONTO CITY CENTRE,6158359,2021-07-29 9:00,2021,7,29,9:00,19.9,,19.3,,96,,2.2,,9,,8,,14.5,,99.93,,,,,,Rain
-79.4,43.63,TORONTO CITY CENTRE,6158359,2021-07-29 10:00,2021,7,29,10:00,20,,19.7,,98,,3,,14,,11,,4.8,,99.88,,27,,,,"Rain,Fog"
-79.4,43.63,TORONTO CITY CENTRE,6158359,2021-07-29 11:00,2021,7,29,11:00,21.4,,20.2,,93,,1.5,,19,,5,,16.1,,99.81,,29,,,,NA
-79.4,43.63,TORONTO CITY CENTRE,6158359,2021-07-29 12:00,2021,7,29,12:00,22.6,,20.1,,86,,0,,25,,8,,16.1,,99.74,,30,,,,NA
-79.4,43.63,TORONTO CITY CENTRE,6158359,2021-07-29 13:00,2021,7,29,13:00,25.3,,20.1,,72,,0,,32,,17,,16.1,,99.7,,33,,,,NA
-79.4,43.63,TORONTO CITY CENTRE,6158359,2021-07-29 14:00,2021,7,29,14:00,23.2,,20.4,,84,,0,,10,,17,,4,,99.69,,31,,,,Haze
-79.4,43.63,TORONTO CITY CENTRE,6158359,2021-07-29 15:00,2021,7,29,15:00,21,,19.1,,89,,0,,9,,18,,14.5,,99.72,,28,,,,NA
-79.4,43.63,TORONTO CITY CENTRE,6158359,2021-07-29 16:00,2021,7,29,16:00,21.1,,19.4,,90,,0,,9,,21,,12.9,,99.75,,28,,,,NA
-79.4,43.63,TORONTO CITY CENTRE,6158359,2021-07-29 17:00,2021,7,29,17:00,21.2,,19.2,,88,,0,,9,,15,,16.1,,99.78,,28,,,,NA
-79.4,43.63,TORONTO CITY CENTRE,6158359,2021-07-29 18:00,2021,7,29,18:00,21.8,,19.6,,87,,0,,12,,8,,16.1,,99.82,,29,,,,NA
-79.4,43.63,TORONTO CITY CENTRE,6158359,2021-07-29 19:00,2021,7,29,19:00,21,,19.5,,91,,0,,14,,8,,16.1,,99.87,,28,,,,NA
-79.4,43.63,TORONTO CITY CENTRE,6158359,2021-07-29 20:00,2021,7,29,20:00,20.2,,19.2,,94,,0,,,,0,,12.9,,99.94,,27,,,,NA
-79.4,43.63,TORONTO CITY CENTRE,6158359,2021-07-29 21:00,2021,7,29,21:00,20.9,,19.6,,92,,0,,32,,4,,16.1,,100.03,,28,,,,NA
-79.4,43.63,TORONTO CITY CENTRE,6158359,2021-07-29 22:00,2021,7,29,22:00,21.4,,17.3,,77,,0,,32,,8,,16.1,,100.05,,27,,,,NA
-79.4,43.63,TORONTO CITY CENTRE,6158359,2021-07-29 23:00,2021,7,29,23:00,20.5,,17.6,,83,,0,,31,,15,,16.1,,100.05,,26,,,,NA
-79.4,43.63,TORONTO CITY CENTRE,6158359,2021-07-30 0:00,2021,7,30,0:00,19.8,,17.4,,86,,0,,30,,9,,16.1,,100.05,,,,,,NA
-79.4,43.63,TORONTO CITY CENTRE,6158359,2021-07-30 1:00,2021,7,30,1:00,19.9,,17,,83,,0,,34,,13,,16.1,,100.06,,,,,,NA
-79.4,43.63,TORONTO CITY CENTRE,6158359,2021-07-30 2:00,2021,7,30,2:00,19.3,,15.8,,80,,0,,33,,17,,16.1,,100.12,,,,,,NA
-79.4,43.63,TORONTO CITY CENTRE,6158359,2021-07-30 3:00,2021,7,30,3:00,18.3,,15.2,,82,,0,,33,,13,,16.1,,100.19,,,,,,NA
-79.4,43.63,TORONTO CITY CENTRE,6158359,2021-07-30 4:00,2021,7,30,4:00,17.9,,15,,83,,0,,32,,17,,16.1,,100.28,,,,,,NA
-79.4,43.63,TORONTO CITY CENTRE,6158359,2021-07-30 5:00,2021,7,30,5:00,17.2,,14,,81,,0,,34,,17,,16.1,,100.36,,,,,,NA
-79.4,43.63,TORONTO CITY CENTRE,6158359,2021-07-30 6:00,2021,7,30,6:00,16.9,,13.3,,79,,0,,33,,13,,16.1,,100.44,,,,,,NA
-79.4,43.63,TORONTO CITY CENTRE,6158359,2021-07-30 7:00,2021,7,30,7:00,17.7,,12.6,,72,,0,,32,,13,,16.1,,100.53,,,,,,NA
-79.4,43.63,TORONTO CITY CENTRE,6158359,2021-07-30 8:00,2021,7,30,8:00,18.2,,12.4,,69,,0,,32,,21,,16.1,,100.58,,,,,,NA
-79.4,43.63,TORONTO CITY CENTRE,6158359,2021-07-30 9:00,2021,7,30,9:00,18.2,,10.2,,59,,0,,32,,26,,16.1,,100.59,,,,,,NA
-79.4,43.63,TORONTO CITY CENTRE,6158359,2021-07-30 10:00,2021,7,30,10:00,19.5,,10.7,,57,,0,,31,,24,,16.1,,100.65,,,,,,NA
-79.4,43.63,TORONTO CITY CENTRE,6158359,2021-07-30 11:00,2021,7,30,11:00,19,,9.3,,53,,0,,33,,18,,16.1,,100.71,,,,,,NA
-79.4,43.63,TORONTO CITY CENTRE,6158359,2021-07-30 12:00,2021,7,30,12:00,19.8,,10.6,,55,,0,,31,,18,,16.1,,100.75,,,,,,NA
-79.4,43.63,TORONTO CITY CENTRE,6158359,2021-07-30 13:00,2021,7,30,13:00,19.9,,10.6,M,,M,0,,34,,21,,16.1,,100.74,,,,,,NA
-79.4,43.63,TORONTO CITY CENTRE,6158359,2021-07-30 14:00,2021,7,30,14:00,20.5,,10.6,M,,M,0,,34,,18,,16.1,,100.72,,,,,,NA
-79.4,43.63,TORONTO CITY CENTRE,6158359,2021-07-30 15:00,2021,7,30,15:00,20.6,,10.6,M,,M,0,,30,,32,,16.1,,100.74,,,,,,NA
-79.4,43.63,TORONTO CITY CENTRE,6158359,2021-07-30 16:00,2021,7,30,16:00,20.1,,10.6,M,,M,0,,30,,26,,16.1,,100.72,,,,,,NA
-79.4,43.63,TORONTO CITY CENTRE,6158359,2021-07-30 17:00,2021,7,30,17:00,19.7,,10.6,M,,M,0,,31,,18,,16.1,,100.76,,,,,,NA
-79.4,43.63,TORONTO CITY CENTRE,6158359,2021-07-30 18:00,2021,7,30,18:00,19.4,,10.6,M,,M,0,,31,,17,,16.1,,100.75,,,,,,NA
-79.4,43.63,TORONTO CITY CENTRE,6158359,2021-07-30 19:00,2021,7,30,19:00,18.7,,8.3,,50,,0,,35,,13,,16.1,,100.77,,,,,,NA
-79.4,43.63,TORONTO CITY CENTRE,6158359,2021-07-30 20:00,2021,7,30,20:00,17.6,,7.5,,51,,0,,34,,13,,16.1,,100.8,,,,,,NA
-79.4,43.63,TORONTO CITY CENTRE,6158359,2021-07-30 21:00,2021,7,30,21:00,17,,8,,55,,0,,2,,11,,16.1,,100.83,,,,,,NA
-79.4,43.63,TORONTO CITY CENTRE,6158359,2021-07-30 22:00,2021,7,30,22:00,16.5,,8.3,,58,,0,,33,,11,,16.1,,100.83,,,,,,NA
-79.4,43.63,TORONTO CITY CENTRE,6158359,2021-07-30 23:00,2021,7,30,23:00,16.4,,8.5,,59,,0,,35,,11,,16.1,,100.83,,,,,,NA
-79.4,43.63,TORONTO CITY CENTRE,6158359,2021-07-31 0:00,2021,7,31,0:00,15.7,,8.7,,63,,0,,35,,11,,16.1,,100.82,,,,,,NA
-79.4,43.63,TORONTO CITY CENTRE,6158359,2021-07-31 1:00,2021,7,31,1:00,15.2,,9.2,,67,,0,,33,,13,,16.1,,100.81,,,,,,NA
-79.4,43.63,TORONTO CITY CENTRE,6158359,2021-07-31 2:00,2021,7,31,2:00,14.7,,9.3,,70,,0,,32,,11,,16.1,,100.79,,,,,,NA
-79.4,43.63,TORONTO CITY CENTRE,6158359,2021-07-31 3:00,2021,7,31,3:00,14.3,,9.4,,72,,0,,33,,8,,16.1,,100.76,,,,,,NA
-79.4,43.63,TORONTO CITY CENTRE,6158359,2021-07-31 4:00,2021,7,31,4:00,13.6,,9.7,,77,,0,,25,,5,,16.1,,100.76,,,,,,NA
-79.4,43.63,TORONTO CITY CENTRE,6158359,2021-07-31 5:00,2021,7,31,5:00,13.7,,9.6,,76,,0,,28,,5,,16.1,,100.78,,,,,,NA
-79.4,43.63,TORONTO CITY CENTRE,6158359,2021-07-31 6:00,2021,7,31,6:00,14.1,,9.6,,74,,0,,32,,11,,16.1,,100.77,,,,,,NA
-79.4,43.63,TORONTO CITY CENTRE,6158359,2021-07-31 7:00,2021,7,31,7:00,14.9,,9.4,,69,,0,,32,,9,,16.1,,100.78,,,,,,NA
-79.4,43.63,TORONTO CITY CENTRE,6158359,2021-07-31 8:00,2021,7,31,8:00,16.7,,9.4,M,,M,0,,30,,5,,16.1,,100.77,,,,,,NA
-79.4,43.63,TORONTO CITY CENTRE,6158359,2021-07-31 9:00,2021,7,31,9:00,19.6,,11.3,,58,,0,,,M,5,M,16.1,,100.75,,,,,,NA
-79.4,43.63,TORONTO CITY CENTRE,6158359,2021-07-31 10:00,2021,7,31,10:00,18.5,,9.8,,57,,0,,19,,11,,16.1,,100.73,,,,,,NA
-79.4,43.63,TORONTO CITY CENTRE,6158359,2021-07-31 11:00,2021,7,31,11:00,19.2,,10.1,,55,,0,,20,,13,,16.1,,100.69,,,,,,NA
-79.4,43.63,TORONTO CITY CENTRE,6158359,2021-07-31 12:00,2021,7,31,12:00,19.6,,10.5,,55,,0,,19,,13,,16.1,,100.65,,,,,,NA
-79.4,43.63,TORONTO CITY CENTRE,6158359,2021-07-31 13:00,2021,7,31,13:00,19.2,,9.4,,53,,0,,16,,11,,16.1,,100.6,,,,,,NA
-79.4,43.63,TORONTO CITY CENTRE,6158359,2021-07-31 14:00,2021,7,31,14:00,19.5,,11,,58,,0,,17,,9,,16.1,,100.56,,,,,,NA
-79.4,43.63,TORONTO CITY CENTRE,6158359,2021-07-31 15:00,2021,7,31,15:00,19.4,,11.8,,61,,0,,15,,9,,16.1,,100.43,,,,,,Rain
-79.4,43.63,TORONTO CITY CENTRE,6158359,2021-07-31 16:00,2021,7,31,16:00,20.6,,12.8,,61,,0,,16,,13,,16.1,,100.37,,,,,,NA
-79.4,43.63,TORONTO CITY CENTRE,6158359,2021-07-31 17:00,2021,7,31,17:00,20.2,,13.3,,64,,0,,13,,9,,16.1,,100.41,,,,,,NA
-79.4,43.63,TORONTO CITY CENTRE,6158359,2021-07-31 18:00,2021,7,31,18:00,20,,14.4,,70,,0,,14,,9,,16.1,,100.35,,,,,,NA
-79.4,43.63,TORONTO CITY CENTRE,6158359,2021-07-31 19:00,2021,7,31,19:00,20.6,,15.8,,73,,0,,17,,15,,16.1,,100.31,,25,,,,Rain
-79.4,43.63,TORONTO CITY CENTRE,6158359,2021-07-31 20:00,2021,7,31,20:00,20.3,,15.8,,75,,0,,19,,22,,16.1,,100.26,,25,,,,NA
-79.4,43.63,TORONTO CITY CENTRE,6158359,2021-07-31 21:00,2021,7,31,21:00,20.5,,16.4,,77,,0,,21,,18,,16.1,,100.25,,25,,,,NA
-79.4,43.63,TORONTO CITY CENTRE,6158359,2021-07-31 22:00,2021,7,31,22:00,20.6,,16.1,,75,,0,,19,,17,,16.1,,100.2,,25,,,,NA
-79.4,43.63,TORONTO CITY CENTRE,6158359,2021-07-31 23:00,2021,7,31,23:00,20.4,,16.3,,77,,0,,20,,17,,16.1,,100.13,,25,,,,NA